# Blender v2.90.1 OBJ File: 'rubblecubea3.blend'
# www.blender.org
mtllib rubblecubea1.mtl
o Cube
v -2.204120 0.463059 -1.605591
v -2.307110 0.504478 -2.055723
v -1.923433 0.005472 -1.586058
v 0.792443 0.463059 2.825491
v 0.444092 0.463059 2.659272
v -0.010230 0.000000 1.388910
v -0.653574 0.000000 -2.485492
v -0.872334 0.439086 -2.951303
v -0.675712 0.321905 -2.717099
v 2.242063 0.308706 1.825634
v 1.911401 0.463059 1.191084
v 2.032803 1.650718 1.362148
v -1.401787 4.567258 -0.574540
v -1.102896 5.041805 -0.407362
v -1.377238 4.622762 -0.823823
v 0.646302 5.728332 2.154138
v 0.518895 5.371344 2.241440
v 0.841478 5.282087 2.461503
v 0.103056 4.749953 -1.219193
v 0.134044 4.602591 -1.544670
v -0.200610 4.479603 -1.849316
v 2.168190 5.282087 1.741934
v 2.007604 5.371344 1.296115
v 1.909863 5.794229 1.430135
v -0.230705 2.687843 -2.228802
v -0.515752 2.281157 -2.677698
v -0.752414 2.569255 -2.624920
v -0.558511 2.703963 -2.457092
v -0.675219 2.112281 -2.778678
v -0.669054 2.395849 -2.732202
v -0.891929 2.655881 -2.458880
v -2.204120 3.003375 -1.605591
v -2.312681 2.784806 -2.064498
v -1.882787 2.858154 -2.358165
v -1.509811 2.661540 -2.595003
v -1.400360 2.509829 -2.664505
v -1.170423 2.551097 -2.735257
v 1.221967 5.034063 0.066108
v 0.182057 3.301221 -1.578779
v 0.899330 3.105745 -0.449209
v 0.724166 5.075979 -0.241060
v 0.931812 4.745243 -0.288336
v -1.007894 5.028471 -0.511441
v 0.875151 4.704188 2.514533
v 0.457776 4.599374 2.353924
v 2.040943 4.608109 1.348618
v 0.238983 4.130410 2.206756
v 0.336038 3.938559 2.394681
v 0.440637 5.915554 1.830254
v -0.494098 5.680832 0.358222
v -0.489229 5.536941 0.653833
v -0.038914 5.536941 1.362995
v 0.041644 5.944949 1.201914
v -0.769964 5.207147 -0.076216
v -1.788545 3.962051 -0.951139
v -1.906027 3.592814 -1.424093
v -0.459997 5.241112 -0.095928
v -2.207635 2.902188 -1.743560
v -2.253532 3.011534 -1.971349
v -1.137533 2.627052 -2.754743
v -1.255623 2.691495 -2.644328
v -1.383160 2.911493 -2.555933
v -1.530865 3.079699 -2.430695
v -1.685207 3.009225 -2.344693
v -1.757962 3.044516 -2.291671
v -1.836584 3.044715 -2.241285
v -1.877457 3.118631 -2.201643
v -2.101329 2.963063 -2.080940
v 2.201864 4.714264 1.794964
v -1.723582 4.347978 -1.167273
v -0.965797 3.260106 -2.345610
v -1.506843 3.872389 -1.686963
v -1.619870 4.358559 -1.333591
v 0.181821 3.453106 -1.579151
v -1.117704 2.719365 -2.716223
v -1.204594 2.625206 -2.712159
v -1.319391 2.801494 -2.600130
v -1.457012 2.995596 -2.493314
v -1.608036 3.044462 -2.387694
v -1.721585 3.026870 -2.318182
v -1.797273 3.044615 -2.266478
v -1.857020 3.081673 -2.221464
v -1.989393 3.040847 -2.141291
v -2.177431 2.987299 -2.026145
v -2.230584 2.956861 -1.857455
v -0.928863 2.957994 -2.402245
v -0.505539 3.558171 -2.373671
v -2.204120 1.825006 -1.605591
v -1.843024 3.519669 -1.036932
v -1.818005 2.064578 -0.997531
v -1.532982 2.582703 -0.548675
v -1.603322 3.176304 -0.659447
v -1.735278 3.430624 -0.867253
v 0.514892 3.901278 -1.035492
v -0.352535 5.680832 0.329384
v 0.515752 2.115729 2.677698
v 1.394986 5.776070 0.619299
v -0.255852 5.670489 0.171199
v -0.993581 4.403901 0.300781
v 2.204120 2.047404 1.605591
v -1.431889 3.428471 -0.389472
v 1.001392 6.000000 0.615101
v 0.085531 5.720958 0.275439
v 0.217506 6.000000 1.164385
v 0.626999 6.001744 1.596112
v 0.870944 6.001744 1.263629
v -0.670950 5.456067 0.079714
v -0.326036 5.456407 -0.023586
v -0.478264 3.696344 -2.330718
v -1.270959 4.565708 -0.943112
v -1.097596 4.243593 -1.316229
v 0.383766 5.538685 2.028636
v 0.181821 4.124170 -1.579151
v -0.210497 4.293455 -1.905977
v -0.750820 4.566459 -1.400807
v -0.760128 4.309968 -1.569191
v 2.448251 2.058540 2.182977
v 0.920287 2.195920 2.846460
v 1.561755 5.282087 2.082483
v 0.746956 6.001744 1.432618
v 1.247121 5.794229 1.850973
v 1.052696 5.728332 1.929897
v 0.145715 5.909746 0.435098
v 1.225423 5.949256 0.816090
v 0.979530 6.000293 0.723792
v 0.990244 5.994522 0.825465
v 0.936541 6.000809 0.921788
v 0.924502 5.997676 1.089666
v 0.877848 6.001390 1.158516
v 0.884232 5.988694 1.246735
v 0.997204 5.985538 0.730377
v 0.999238 5.981425 0.832795
v 0.957678 5.985957 0.925479
v 0.931313 5.984043 1.123402
v 0.896157 5.988791 1.161037
v 0.202847 5.933374 0.886817
v 0.211253 5.735271 0.315422
v 0.535943 5.831305 0.464301
v 0.761929 5.878048 0.544023
v 0.893567 5.952459 0.581709
v 1.066344 5.963046 0.615794
v -0.383222 5.350381 -0.054523
v 0.705950 5.842159 0.488774
v 0.568445 5.803205 0.435991
v 0.169776 5.688775 0.267103
v 0.022298 5.685366 0.228837
v -0.109168 5.659447 0.174561
v -0.264607 5.670489 0.191884
v -0.295071 5.561363 0.065780
v 1.034598 5.981108 0.615455
v -0.234364 5.650523 0.158696
v 0.087110 5.699589 0.272121
v 0.201099 5.709028 0.302892
v 0.554565 5.809967 0.455641
v 0.730106 5.860300 0.506493
v 1.005265 5.958482 0.614500
v 0.343913 5.749811 0.364608
v -0.313928 5.449308 -0.028169
v -0.148622 5.647856 0.158977
v -0.256080 5.542184 0.055822
v -0.287429 5.545051 0.054247
v -0.303529 5.552898 0.048084
v -0.316658 5.680832 0.244626
v -0.314330 5.547316 0.066377
v -0.310178 5.592345 0.114830
v -0.291544 5.662505 0.161581
v -0.309427 5.647202 0.184030
v -0.324360 5.645040 0.216512
v -0.219455 5.710434 0.180867
v -0.154868 5.694105 0.186881
v -0.264993 5.707161 0.270113
v -0.265416 5.700496 0.233762
v -0.234152 5.712612 0.227800
v -0.244603 5.702293 0.194663
v -0.267588 5.543237 0.055244
v -0.276867 5.552933 0.073008
v -0.250536 5.562860 0.084487
v -0.300629 5.677640 0.229351
v -0.302969 5.559778 0.082388
v -0.299551 5.593349 0.117747
v -0.298829 5.661512 0.204232
v -0.307043 5.662057 0.224343
v -0.237033 5.694515 0.173671
v -0.128901 5.669305 0.191277
v -0.183368 5.687088 0.183305
v -0.278093 5.690029 0.245536
v -0.258417 5.692488 0.212832
v -0.273447 5.549359 0.066461
v -0.418169 5.579440 0.185726
v -0.552004 5.329529 -0.050376
v -0.506609 5.456229 0.030494
v 1.074192 4.246712 -0.173834
v 1.105496 3.760574 -0.124536
v 0.813782 3.839191 -0.583931
v 0.611419 3.956069 -0.870655
v 0.427796 4.042963 -1.159827
v 1.043104 3.562402 -0.222792
v -0.313759 5.274570 -0.118734
v -1.148378 4.682690 -0.869658
v 0.373204 5.510314 0.178122
v -0.176389 5.159153 -0.432681
v 0.046170 5.248293 -0.175571
v 0.473214 4.883452 -0.839725
v 0.883377 4.220509 -0.474331
v -0.020945 5.193295 -0.253149
v 0.522022 5.148465 -0.251135
v -0.393990 5.246124 -0.164125
v -0.260064 5.229455 -0.241450
v 0.345621 4.968672 -0.837198
v -0.058851 5.050398 -0.762464
v -0.074337 4.382288 -1.788029
v -1.559797 4.089191 -0.590903
v -0.621997 5.403990 0.026175
v -0.706966 5.365523 0.022994
v -0.526429 5.526603 0.140323
v -0.823316 4.975158 0.135760
v -1.064172 4.815834 -0.156510
v -1.313409 4.698729 -0.726928
v 0.683227 4.689783 -0.679810
v 0.472287 4.423566 -1.121722
v 0.450788 4.673257 -1.045859
v -0.286032 4.255388 1.311500
v -0.415479 2.894487 1.211183
v -0.608267 3.397854 0.907578
v -0.743463 2.448636 0.694670
v -0.964736 0.463059 0.318878
v -0.832763 3.112483 0.519346
v -0.632924 1.799637 0.839742
v -1.205709 2.821307 -0.033281
v -1.134193 2.708642 0.079344
v -1.125851 3.417094 0.092481
v -1.345389 1.692677 -0.152003
v -1.932768 1.778606 -1.077014
v -1.617506 1.322769 -0.580535
v -1.714567 1.190827 -0.733388
v -1.256654 0.566056 -0.113509
v -1.385725 0.701781 -0.448120
v -1.208682 0.548382 -0.037963
v -1.491439 0.802999 -0.483251
v -1.384447 0.741830 -0.201960
v -1.481448 1.507723 -0.366269
v -1.138337 1.077868 0.072817
v -1.325441 0.892914 -0.109036
v -1.535812 1.090400 -0.553131
v -1.443725 0.843912 -0.295311
v -1.535969 0.463059 -0.553378
v -1.622048 0.646144 -0.688937
v -1.408862 0.752390 -0.484557
v -1.533606 0.673963 -0.549656
v -1.579008 0.554602 -0.621157
v -1.490566 0.582420 -0.481877
v 0.050136 1.678773 1.944441
v -0.579471 2.671561 0.952927
v -0.108822 3.082399 1.830393
v -0.662001 2.124136 0.750574
v -0.895182 0.296037 0.351883
v -0.241243 1.333933 1.485573
v -0.289029 2.564328 1.410318
v 0.136881 2.326918 2.081047
v -0.477957 0.463059 1.207216
v 0.232446 0.739827 2.325969
v 0.026633 0.678159 2.001851
v -0.073461 0.855677 1.805251
v -0.166061 3.317374 1.740252
v 0.388638 4.268967 2.361280
v 0.694269 4.651781 2.478016
v 0.434164 3.027144 2.549212
v 0.897719 3.450055 2.680496
v 0.707891 2.155825 2.746128
v 1.559162 3.480497 2.335198
v 0.476411 4.132437 2.419065
v 0.652694 2.633631 2.671654
v 0.628354 1.529526 2.742441
v 0.740185 1.787582 2.785284
v 0.896254 1.685661 2.861721
v 1.490243 1.171421 2.523602
v 0.908806 2.833952 2.762028
v 0.997820 3.819795 2.479502
v 1.128143 4.348313 2.386441
v 1.578817 4.510059 2.219264
v 1.578721 4.709504 2.190657
v 0.994892 2.912196 -0.298716
v -1.509799 2.472710 -0.499652
v -1.423456 2.662555 -0.376192
v -1.692262 2.137096 -0.786674
v -1.597356 2.205776 -0.628674
v -1.579375 2.332255 -0.635127
v -1.712436 2.229187 -0.864464
v -1.511149 2.525305 -0.529275
v -1.641059 2.218094 -0.763443
v -1.594509 2.359957 -0.694844
v -1.625075 2.387996 -0.726887
v -1.899895 2.509262 -1.126493
v -1.721548 3.734705 -1.586037
v -1.583100 2.947251 -2.440323
v -0.794323 2.153008 -2.719891
v -0.988411 2.267283 -2.702153
v -1.171539 1.584396 -2.809805
v -1.063438 1.738145 -2.801620
v -1.110443 2.138305 -2.797882
v -0.994676 2.360593 -2.749809
v -0.856002 2.384666 -2.617832
v -0.817302 1.764493 -2.781038
v -1.022095 1.585798 -2.809401
v -0.626594 2.423238 -2.665028
v -0.915014 2.332350 -2.655412
v -0.781567 2.368671 -2.685949
v -0.787778 2.263654 -2.702477
v -0.918638 1.935910 -2.736656
v -0.966702 1.746346 -2.763520
v -0.914604 2.233389 -2.681840
v -0.802711 2.011189 -2.742211
v -1.638357 0.506509 -2.513377
v -1.872755 1.486444 -2.390068
v -1.285949 2.047112 -2.737155
v -1.032909 1.023728 -2.897834
v -1.458609 1.255086 -2.653049
v -0.855791 1.113777 -2.883451
v -1.026287 1.367900 -2.843684
v -0.836547 1.439135 -2.832244
v -0.943996 1.524066 -2.819016
v -1.215091 2.295132 -2.713658
v -1.197874 2.378854 -2.716280
v -1.288664 1.336997 -2.735431
v -2.164943 0.837585 -2.204529
v -1.659552 1.054083 -2.525450
v -1.902897 0.870534 -2.370928
v -2.048748 0.754899 -2.252781
v -1.930934 0.418139 -2.274381
v -2.034912 0.853935 -2.287099
v 0.925481 4.502586 2.453676
v 1.333226 4.418938 2.311172
v 1.045640 4.490642 2.402662
v 1.319205 3.959115 2.302804
v 0.966780 3.807506 2.490849
v 0.703175 4.204389 2.438892
v 1.454441 3.719806 2.343028
v 0.791848 3.912492 2.512422
v 1.150018 3.703691 2.451055
v 1.548373 3.995278 2.244764
v 1.456022 4.464499 2.265218
v 1.341473 4.189027 2.331015
v 1.434614 4.092152 2.271656
v 1.069816 4.068284 2.381082
v -0.033303 5.888574 0.649794
v -0.099877 5.864630 0.699479
v 0.207766 5.776002 1.603341
v 0.284987 6.000725 1.365790
v 0.243531 5.927677 1.493319
v -0.623131 4.676238 0.631461
v -0.908449 4.689529 0.218271
v -0.656272 5.256049 0.394797
v -0.540195 5.106589 0.632497
v -0.808356 4.540070 0.466121
v -0.732314 4.898059 0.430459
v -0.584568 5.047717 0.569192
v -0.753142 4.653699 0.435068
v -0.642318 4.783996 0.518076
v -0.866046 4.645121 0.364082
v -0.805423 4.591320 0.396606
v -0.552931 5.429822 0.555049
v -0.496796 5.534838 0.549375
v -0.535758 5.274823 0.605593
v -0.509518 5.475945 0.587433
v -0.489216 5.535941 0.601872
v -0.642239 5.165078 0.493021
v -0.722460 5.049077 0.429527
v -0.641253 4.990298 0.515965
v -0.226227 5.816322 0.780068
v 0.001365 5.768470 1.282455
v -0.264071 5.536941 1.008414
v -0.491663 5.608886 0.506028
v -0.245149 5.748484 0.894241
v -0.016851 4.821306 1.644380
v -0.268762 4.970801 1.139124
v 0.277750 5.657343 1.827429
v 0.159392 5.179996 1.851790
v 0.071392 5.298654 1.639142
v 0.039303 5.059980 1.634120
v 0.066410 5.656471 1.494608
v -0.027883 5.179123 1.503688
v 0.133596 5.537328 1.625041
v 0.061865 5.358226 1.558644
v -0.189585 4.914322 1.340168
v -0.288663 5.078968 1.127356
v -0.328265 5.069037 1.068408
v -0.401977 4.821733 1.037467
v -0.121249 5.123509 1.375820
v -0.161743 5.240726 1.271652
v -0.314549 4.596883 1.252561
v -0.032234 5.320263 1.448192
v -0.181427 5.072509 1.298556
v -0.216238 4.942517 1.231628
v -0.191547 4.762338 1.137125
v -0.227117 5.157408 1.197328
v -0.321648 4.860103 1.093950
v -0.181556 5.099789 1.232124
v -0.252049 5.088333 1.181826
v -0.271550 4.685565 1.205248
v 0.263935 4.488291 2.169010
v 0.074437 4.163829 1.982709
v 0.160774 4.309881 2.068132
v 0.262628 4.063271 2.279075
v 0.110661 4.054360 2.055090
v 0.332974 4.314651 2.291017
v 0.253996 4.262014 2.189169
v 0.206365 4.239504 2.113016
v 0.163903 4.148472 2.076869
v -0.299672 4.314864 1.373110
v -0.344636 4.351699 1.289591
v -0.320185 4.183971 1.371630
v -0.345607 4.139542 1.281671
v -0.364552 3.981757 1.199262
v -0.283698 4.244331 1.418714
v -0.327961 4.347108 1.317431
v -0.344447 4.053061 1.338598
v -0.416764 3.792078 1.228057
v -0.517068 3.681848 1.051200
v -0.403230 4.271200 1.230474
v -0.527873 3.856011 1.034183
v -0.544155 3.706197 1.008543
v -0.462591 3.831189 1.095394
v -0.499273 3.751948 1.030289
v -0.727904 3.630121 0.786967
v -0.635327 4.323372 0.864965
v -0.821162 3.069240 0.572309
v -0.851356 3.017150 0.526414
v -0.784726 2.994562 0.629688
v -0.791137 2.907744 0.619593
v -0.726330 2.731658 0.681115
v -0.719289 2.548076 0.732740
v -0.873160 3.094328 0.490421
v -0.915694 3.143113 0.423438
v -0.945454 3.308600 0.376573
v -0.890485 3.321263 0.463137
v -0.856705 3.267571 0.516335
v -0.826988 3.144768 0.563134
v -0.880753 3.247556 0.431589
v -0.878879 3.168484 0.446722
v -0.854998 3.238500 0.472148
v -0.806251 2.995363 0.561098
v -0.793485 2.680686 0.610800
v -0.778431 2.775360 0.639601
v -0.747672 2.711466 0.642910
v -0.730368 2.633602 0.670161
v -0.725877 2.525985 0.681828
v -0.771647 2.615444 0.653094
v -0.691149 2.787522 0.777055
v -1.131224 2.960770 0.084019
v -0.991882 2.991618 0.303456
v -1.067896 3.136345 0.251024
v -0.962302 2.896135 0.351046
v -0.416605 4.941639 0.973150
v -0.581663 4.891414 0.631979
v -0.514712 5.321765 0.643165
v -0.452917 5.239290 0.813492
v -0.519868 4.808939 0.802306
v -0.460346 5.065351 0.686576
v -0.602397 4.783826 0.631720
v -0.434761 5.090465 0.893321
v -0.468237 4.875288 0.887728
v -0.501970 5.429353 0.648499
v -0.471073 5.388115 0.733662
v -0.571499 4.742588 0.716883
v -0.518579 4.920537 0.762521
v -0.459057 5.193559 0.646791
v -0.485103 5.152321 0.768114
v -0.549477 4.978383 0.677357
v -0.493537 5.290837 0.708306
v -0.476670 4.997197 0.827921
v -0.503544 4.860486 0.660961
v -0.809094 4.551938 0.482655
v -0.931115 0.292353 0.293003
v -1.039766 0.540387 0.248340
v -0.997930 0.542475 0.293933
v -0.952480 0.666483 0.365507
v -0.836587 1.105495 0.548018
v -0.728689 1.535413 0.705015
v -0.643795 1.639251 0.830130
v -0.657071 1.488762 0.816213
v -0.694137 1.329213 0.764861
v -0.766833 1.198088 0.655428
v -0.821153 0.976068 0.572324
v -0.819237 0.880117 0.575340
v -0.887342 0.677673 0.468088
v -0.932560 0.562463 0.396878
v -0.909183 0.397866 0.393153
v -1.094865 0.542995 0.154951
v -1.091884 0.463059 0.145972
v -0.970114 0.367095 0.278064
v -0.649395 1.611127 0.780445
v -0.681109 1.400275 0.740073
v -0.756002 1.267684 0.652215
v -0.686871 1.454391 0.695098
v -0.829993 0.961758 0.511928
v -0.856891 0.793728 0.441567
v -0.928272 0.656300 0.402980
v -0.859687 0.729923 0.437603
v -0.813503 0.876206 0.512448
v -0.884704 0.923224 0.472242
v -0.910037 0.827262 0.432348
v -0.810560 1.045851 0.547208
v -0.788924 1.295407 0.617369
v -0.962881 0.463596 0.232289
v -0.973430 0.517118 0.293070
v -0.953656 0.548886 0.312153
v -0.945077 0.421009 0.287014
v -0.912192 0.323895 0.315089
v -0.966673 0.430595 0.248780
v -1.019177 0.463414 0.211016
v -1.035444 0.418580 0.207197
v -1.018498 0.444327 0.204571
v -0.928082 0.376551 0.298635
v -0.781862 0.418759 0.634193
v -0.566482 0.434049 1.029922
v -0.135553 0.709907 1.741126
v -0.936739 0.430204 0.356311
v -0.833947 0.446179 0.543244
v -0.787120 0.472729 0.621058
v -0.744070 0.446026 0.697773
v -0.617632 0.460393 0.934465
v -0.543329 0.517634 1.049941
v -0.470790 0.506508 1.198230
v -0.493918 0.478977 1.147157
v -0.583130 0.450880 0.991013
v -0.756406 0.432153 0.661048
v -0.734849 0.436841 0.707377
v -0.730016 0.422440 0.729451
v -0.777415 0.443857 0.623709
v -0.919770 0.410290 0.378999
v -0.859575 0.423498 0.472636
v -0.873163 0.440084 0.471927
v -0.861572 0.405679 0.483289
v -0.383631 0.532045 1.355763
v -0.346839 0.536105 1.413703
v -0.251707 0.581020 1.563517
v -0.217988 0.621442 1.616620
v -0.145215 0.629473 1.731224
v -0.081382 0.682574 1.831748
v -0.053410 0.573036 1.875798
v 0.012070 0.570398 1.978917
v -0.110176 0.730654 1.779341
v 0.034053 0.721053 2.008318
v 0.005956 0.723549 1.963060
v -0.008890 0.771261 1.932599
v -0.065193 0.780028 1.849793
v -0.055946 0.911893 1.838646
v -0.096921 0.910286 1.777984
v -0.091383 0.780764 1.803253
v -0.362722 0.557949 1.383060
v -0.175162 0.657052 1.684062
v -0.257356 0.650265 1.550126
v -0.061314 0.847775 1.824816
v -0.062230 0.753370 1.830700
v -0.010690 0.741894 1.917838
v 0.006699 0.696850 1.940980
v 0.027133 0.669119 1.973943
v 0.010302 0.593944 1.956963
v -0.032234 0.597418 1.890458
v -0.017501 0.647030 1.906238
v -0.064529 0.714427 1.824075
v -0.000223 0.627350 1.920720
v -0.049672 0.722595 1.852694
v -0.061161 0.780327 1.828507
v -0.068743 0.736381 1.814216
v -0.071045 0.721310 1.796943
v 0.008780 0.611465 1.935415
v 0.014430 0.640715 1.934003
v -0.312219 0.602196 1.463136
v -0.295746 0.597248 1.485114
v -0.220819 0.653282 1.609664
v -0.112253 0.656893 1.783132
v -0.095668 0.690822 1.775126
v -0.137136 0.677309 1.735632
v -0.251779 0.610487 1.556338
v -0.184218 0.625169 1.669801
v -0.193425 0.636741 1.641682
v 0.332365 0.833840 2.480337
v 0.458336 0.985700 2.678790
v 0.513810 1.004292 2.664007
v 0.434979 0.856528 2.644920
v 0.351733 0.779744 2.513823
v 0.255331 0.713499 2.362009
v 0.398812 0.815630 2.587964
v 0.423937 0.849661 2.627531
v 0.131003 0.643672 2.166215
v 0.062625 0.723756 2.054066
v 0.161545 0.733117 2.212447
v 0.230893 0.699774 2.323523
v 0.259830 0.765592 2.368276
v 0.320330 0.758164 2.464369
v 0.381113 0.885983 2.557132
v 0.364392 0.825062 2.532223
v 0.257644 0.740331 2.365240
v 0.295492 0.741096 2.425253
v 0.339079 0.794593 2.463829
v 0.178943 0.670597 2.241711
v 0.158350 0.685818 2.179773
v 0.056588 0.668261 2.049026
v 0.097652 0.682727 2.111526
v 0.057879 0.680169 2.050110
v 0.170402 0.701272 2.227356
v 0.732854 0.806713 2.788157
v 0.486592 0.817422 2.657417
v 0.550079 0.808959 2.691360
v 0.625027 0.838611 2.729774
v 0.783264 0.728396 2.819467
v 0.762459 0.656592 2.810095
v 0.534629 0.298192 2.665711
v 0.651344 0.463059 2.768924
v 0.611454 0.290991 2.703226
v 0.485964 0.400194 2.673301
v 0.588779 0.153279 2.631326
v 0.768172 0.318942 2.787268
v 0.647182 0.247160 2.703063
v 0.705578 0.415869 2.807345
v 0.736721 0.395797 2.815091
v 0.423703 0.342804 2.527862
v 0.537809 0.162928 2.557104
v 1.110974 0.000000 2.299734
v 0.825464 0.366444 2.794551
v 0.914550 0.333854 2.731339
v 0.995075 0.293884 2.643466
v 1.034479 0.305515 2.629135
v 1.067004 0.293227 2.597188
v 1.037014 0.224063 2.552656
v 1.118548 0.172001 2.453027
v 0.747596 1.176258 2.777529
v 0.827174 1.026714 2.821518
v 0.670201 1.124416 2.741730
v 1.233320 0.892106 2.671345
v 0.993279 1.055800 2.808116
v 1.071946 0.911168 2.763564
v 1.432795 0.463059 2.637362
v 1.311518 0.822244 2.645733
v 1.343315 0.583804 2.661569
v 1.411157 0.564885 2.634138
v 1.436584 0.000000 2.092973
v 1.358942 0.268811 2.389783
v 1.492759 0.158435 2.202935
v 1.176446 0.367098 2.510846
v 1.214359 0.553132 2.538742
v 1.330304 0.559591 2.603437
v 0.925184 0.618642 2.602591
v 1.108224 0.381566 2.542023
v 1.022378 0.405955 2.640491
v 0.814325 0.952844 2.761919
v 1.049724 0.860533 2.740710
v 0.918775 0.909746 2.768515
v 1.190295 0.743299 2.674005
v 1.243806 0.652361 2.568149
v 1.259592 0.238536 2.371492
v 1.361749 0.436464 2.602298
v 1.139560 0.242804 2.474010
v 0.879825 0.441091 2.752631
v 0.806114 0.736298 2.818581
v 0.737949 0.888852 2.762632
v 0.770441 0.917432 2.772516
v 0.879246 0.785790 2.749895
v 0.877856 0.557808 2.696951
v 0.822350 0.659637 2.743386
v 0.868798 0.643285 2.701715
v 0.938322 0.424472 2.685532
v 0.703906 1.061482 2.737405
v 0.505148 0.944820 2.661909
v 0.766786 1.011422 2.755456
v 0.767787 1.089838 2.759524
v 0.447736 0.938178 2.663169
v 0.495269 0.876997 2.659518
v 0.438611 0.897265 2.649721
v 0.594123 0.877179 2.687024
v 0.726568 0.946567 2.754198
v 0.618987 1.005658 2.694810
v 0.554127 1.035260 2.684044
v 0.623892 1.088846 2.718715
v 0.839076 1.006396 2.795323
v 0.813094 0.786189 2.802295
v 0.783976 0.792913 2.800212
v 0.785455 0.845389 2.783979
v 0.820108 0.838284 2.785464
v 0.845368 0.872965 2.756169
v 0.698625 0.000000 -0.477337
v 0.886105 0.000000 1.594062
v 0.863320 0.000000 1.213207
v 0.775081 0.000000 1.036148
v 0.664152 0.000000 0.519366
v 0.638234 0.000000 0.149207
v 0.407450 0.000000 -0.317252
v 0.502022 0.000000 -0.369247
v 1.262581 0.000000 1.724154
v 1.103024 0.000000 1.578995
v 1.206168 0.050819 1.481151
v 1.062015 0.000000 1.102233
v 1.198201 0.000000 1.023537
v 1.115649 0.000000 0.861569
v 0.994217 0.000000 0.902279
v 0.817775 0.000000 0.642246
v 0.823092 0.000000 0.425863
v 0.719799 0.000000 0.170563
v 0.820395 0.000000 0.095308
v 0.741192 0.000000 -0.044466
v -0.695607 0.016076 0.442212
v 0.723147 0.000000 0.794203
v 1.155974 0.000000 1.349212
v 1.105383 0.050013 1.792799
v 0.923472 0.084260 1.070325
v 0.999662 0.024676 1.276566
v 0.903207 0.050013 0.957877
v 1.093432 0.024676 0.961257
v 0.952100 0.050013 1.002321
v 0.545280 0.012631 -0.204596
v 0.582824 0.031640 -0.061695
v 0.504992 0.000000 -0.120100
v 0.706798 0.031640 0.020233
v 0.655635 0.000000 0.397721
v 1.108334 0.084260 2.060410
v 0.985413 0.000000 1.905706
v 1.297627 0.084260 1.967034
v 1.324770 0.000000 1.855971
v 1.055611 0.024676 1.440270
v 1.009209 0.024676 1.705634
v 0.937535 0.000000 1.755458
v 0.956068 0.024676 1.398450
v 1.011239 0.050013 1.480528
v 0.992221 0.024676 1.586691
v 0.870981 0.000000 1.341262
v 0.753244 0.000000 0.934416
v 0.845783 0.024676 0.992956
v 0.844172 0.024676 0.904214
v 0.876513 0.024676 0.855350
v 0.881812 0.000000 0.736620
v 0.772980 0.024676 0.714180
v 0.697406 0.024676 0.237763
v 0.749979 0.000000 0.245158
v 0.744791 0.024676 0.471927
v 0.723764 0.024676 0.409171
v 0.740252 0.024676 0.580236
v 0.677714 0.012631 0.074942
v 0.685038 0.012631 0.153998
v 1.223917 0.106532 2.212703
v 1.352268 0.114990 2.183682
v 1.257699 0.109972 2.120444
v 1.184068 0.108265 2.161299
v 1.431784 0.208728 2.288074
v 1.347964 0.152463 2.248994
v 1.238869 0.159310 2.287384
v 1.169333 0.105895 2.319592
v 1.327467 0.084378 2.067418
v 1.368779 0.000000 1.949252
v 1.361015 0.045823 2.024483
v 1.796651 0.488821 2.425714
v 1.772292 0.000000 1.879800
v 1.958623 0.808821 2.363217
v 1.954554 0.463059 2.356367
v 1.810761 0.355529 2.330072
v 1.657337 0.815071 2.494754
v -0.679661 0.000000 -1.079369
v 1.662770 2.187789 2.528371
v 1.187534 2.838209 2.508639
v 1.982207 2.769518 2.272740
v 1.947748 1.614980 2.366942
v 1.205265 1.683671 2.685031
v 1.757725 1.862735 2.362828
v 2.177850 2.440718 2.243855
v 1.882301 2.102092 2.329772
v 2.194844 2.078006 2.300423
v 1.466063 1.936519 2.595728
v 1.776587 2.461020 2.313333
v 2.220912 1.879818 2.273404
v 2.075545 1.952252 2.236299
v 1.023967 5.886814 1.664320
v 1.525954 5.926519 1.085711
v 1.358496 5.949694 1.341768
v 1.626892 5.784248 0.984509
v 1.338487 5.645510 1.918200
v 1.968366 5.701482 1.522265
v 1.853182 5.257194 1.920463
v 1.619952 5.696185 1.741274
v 1.736510 5.529350 1.830825
v 1.455970 5.454278 2.004646
v 1.996692 5.524051 1.566873
v 1.301866 5.901482 1.600679
v 1.753878 5.762910 1.597542
v 1.704762 5.864274 1.560373
v 1.381690 5.847348 1.765523
v 1.441453 5.765338 1.793794
v 1.653544 5.898546 1.389055
v 1.188692 5.544745 2.053994
v 1.277922 5.514543 2.037519
v 1.224005 5.282087 2.213804
v 0.860179 4.961143 2.490954
v 1.043604 5.026425 2.376355
v 1.210479 4.706722 2.360171
v 1.054724 5.443402 2.211226
v 1.083878 5.282087 2.333949
v 1.405801 5.282087 2.164548
v 1.303677 4.875849 2.297304
v 2.132711 3.168010 1.493135
v 2.315497 3.489445 1.973915
v 2.043052 4.409400 1.928455
v 2.198807 3.977207 1.938140
v 2.143425 3.710097 2.015761
v 2.106372 4.530952 1.875231
v 2.234610 4.165706 1.846533
v 2.095515 3.751726 1.434558
v 2.133461 3.750428 1.547477
v 1.319467 3.438413 0.212428
v 2.014175 3.187102 1.306464
v 1.906695 2.613448 1.137203
v 1.644255 1.596994 0.723909
v 2.104250 1.967059 1.448315
v 1.969110 0.463059 1.235494
v 2.007277 0.861739 1.295600
v 2.047198 1.278096 1.358467
v 2.057326 2.707400 1.374418
v 2.021725 2.152300 1.318352
v 2.116523 2.115404 1.467642
v 1.875145 1.782745 1.087518
v 1.948767 0.980245 1.203457
v 1.806903 0.463059 1.102708
v 1.961502 1.322081 1.223513
v 1.921365 2.063483 1.160306
v 1.850532 1.917576 1.048757
v 2.184365 3.986892 1.838519
v 2.214022 3.627188 1.893432
v 2.184190 3.691657 1.776895
v 2.171861 3.793551 1.806030
v 2.222263 3.778934 1.857089
v 2.204160 3.656147 1.926764
v 2.190919 3.751566 1.920173
v 2.236269 3.591042 1.993183
v 2.134979 4.154318 1.934171
v 2.110418 4.326902 1.889127
v 2.195677 4.005859 1.731422
v 2.176636 4.160388 1.869418
v 2.161413 3.773912 1.683810
v 2.074835 3.470416 1.489633
v 2.165905 3.719930 1.662643
v 2.143375 3.447047 1.654990
v 2.121872 3.565359 1.606861
v 2.090482 3.603055 1.458690
v 2.251895 3.508261 1.867131
v 2.161337 3.376645 1.693650
v 2.191308 3.271054 1.647261
v 2.155305 3.518545 1.690622
v 2.113775 3.052305 1.463314
v 2.078773 3.255316 1.408192
v 1.920324 2.493071 1.135645
v 2.049439 3.093895 1.338978
v 2.066220 2.932302 1.365405
v 2.009355 2.805791 1.275853
v 1.966531 2.542333 1.208413
v 1.737870 2.850622 0.871334
v 1.788699 4.199157 0.951381
v 2.011070 3.053622 1.253171
v 1.929774 4.427875 1.173547
v 2.040805 3.371951 1.348400
v 1.968567 3.936855 1.234639
v 1.697115 2.304857 0.807152
v 1.661722 1.830903 0.751416
v 2.064550 3.158763 1.454011
v 2.095484 3.267772 1.502726
v 2.065515 3.045505 1.409615
v 2.094875 2.936827 1.433551
v 2.061366 3.159526 1.367119
v 2.050549 2.830095 1.393381
v 2.076375 2.823787 1.404416
v 2.030041 2.851811 1.308428
v 1.896717 1.792624 1.147838
v 2.018226 2.764887 1.333170
v 1.966380 2.474836 1.252606
v 1.936053 2.076778 1.251652
v 1.897542 1.931430 1.122788
v 2.042792 1.912858 1.385343
v 2.020972 2.054894 1.385384
v 1.961866 2.099779 1.292303
v 2.040438 2.444080 1.347823
v 1.983819 2.457707 1.319616
v 1.946372 1.930502 1.310605
v 2.075115 1.615220 1.402432
v 1.909193 1.852571 1.257696
v 1.927327 2.025882 1.203507
v 1.934487 1.985692 1.249186
v 2.057889 2.935746 1.401343
v 2.083634 3.319796 1.415848
v 2.073140 3.360894 1.503802
v 2.056801 3.468718 1.457697
v 2.063375 3.528625 1.383944
v 1.965652 0.903455 1.276519
v 1.995659 1.284240 1.303652
v 1.845058 0.463059 1.153033
v 1.943121 0.949087 1.241037
v 1.923718 1.608203 1.190359
v 1.964156 1.297350 1.274163
v 1.951871 1.093947 1.254816
v 1.954476 1.133491 1.212448
v 2.023557 1.031536 1.321239
v 1.987348 1.132841 1.290565
v 1.960670 1.710137 1.282033
v 1.902097 1.638973 1.129961
v 2.010350 1.519025 1.346910
v 2.068612 1.536697 1.392192
v 1.941057 1.499414 1.217664
v 1.939251 1.440778 1.188472
v 1.922099 1.532275 1.161460
v 1.932351 0.559208 1.203954
v 1.869290 0.571166 1.171071
v 1.898651 0.680108 1.124535
v 1.982622 0.604206 1.256774
v 1.933062 0.886192 1.178725
v 1.915427 0.751151 1.197424
v 1.935769 0.784024 1.262983
v 1.998768 0.772853 1.282199
v 0.838941 0.463059 -0.620008
v 2.047037 0.269699 1.534635
v 1.562731 0.172832 0.811999
v 1.719616 0.344215 0.957630
v 1.632592 0.297995 0.803747
v 2.004834 0.373507 1.400647
v 1.475948 0.084069 0.933591
v 1.488665 0.050819 1.261348
v 1.549394 0.000000 1.431196
v 1.896432 0.154450 1.609243
v 1.357636 0.131810 0.505976
v 1.516790 0.463059 0.523174
v 1.724828 0.463059 0.850796
v 2.055399 0.414263 1.422057
v 1.922992 0.256591 1.474000
v 1.504392 0.184007 0.967898
v 1.682270 0.305256 1.053649
v 1.586259 0.257059 0.928709
v 1.522466 0.113799 1.022671
v 1.535291 0.055347 1.257740
v 1.609258 0.065135 1.385380
v 1.865068 0.186364 1.517916
v 1.899438 0.325966 1.391422
v 1.806939 0.257942 1.300838
v 1.877710 0.389963 1.315245
v 1.719112 0.295957 1.184007
v 1.587214 0.204967 1.138208
v 1.662434 0.295299 1.027836
v 1.612300 0.135176 1.284530
v 1.682214 0.242814 1.219152
v 1.697460 0.141632 1.349258
v 0.002986 0.463059 -1.860782
v 1.367825 0.830228 0.288583
v 1.080587 0.999827 -0.163763
v 0.567826 1.002770 -0.971265
v -0.180582 0.660517 -2.149868
v -0.326134 0.770479 -2.379084
v 0.160783 1.559894 -1.612282
v 1.932898 0.821098 1.154811
v -0.229801 0.705788 -2.251034
v 0.572150 1.073474 -0.988111
v 1.095610 1.065110 -0.163760
v 1.389965 0.887671 0.299794
v 0.489789 0.000000 -0.806216
v 0.163227 0.325758 -1.523055
v 0.227475 0.310102 -1.412141
v 0.286559 0.284342 -1.303077
v 0.359436 0.086795 -1.065469
v 0.352399 0.000000 -0.628568
v 0.267715 0.000000 -0.503768
v 0.652220 0.000000 -0.550417
v 0.620132 0.000000 -0.511623
v 0.071777 0.463059 -1.752450
v 0.436791 0.130126 -0.989329
v 0.304068 0.335294 -1.307187
v 0.170633 0.390053 -1.551372
v 0.640534 0.463059 -0.895390
v 1.394508 0.451957 0.288488
v 1.587608 0.768072 0.634700
v 1.440634 0.556772 0.403243
v 1.371743 0.641545 0.294753
v 1.113293 0.463059 -0.187955
v 1.304804 0.736787 0.166224
v 0.340498 0.495804 -1.329265
v 0.950077 0.525645 -0.444989
v 0.801215 0.298350 -0.576997
v 0.974426 0.055163 -0.065814
v 0.788881 0.816599 -0.721955
v 0.807517 1.001395 -0.593797
v 1.014312 0.783897 -0.366944
v 1.124632 0.767893 -0.193211
v -0.020707 0.733629 -1.898094
v 0.205133 0.836907 -1.542439
v 0.186359 0.754956 -1.595117
v 0.633318 0.799724 -0.966938
v 0.243040 0.761104 -1.505856
v 0.487672 0.787641 -1.120606
v -0.116565 0.591655 -2.049052
v 0.004669 0.659389 -1.858132
v -0.013327 0.649346 -1.886472
v 1.230806 0.304895 0.142845
v 0.822903 0.253264 -0.475605
v 1.385262 0.296971 0.391668
v 1.145729 0.089426 0.189788
v 1.003170 0.191535 -0.190855
v 0.886929 0.179697 -0.328349
v 1.141884 0.211447 0.060312
v 1.047550 0.196187 -0.123989
v 0.770148 0.158855 -0.541131
v 0.792389 0.139026 -0.492606
v 0.653577 0.247174 -0.739381
v 0.408420 0.054179 -0.968046
v 0.258260 0.333427 -1.353910
v 0.247393 0.358552 -1.410901
v 0.324107 0.182561 -1.180655
v 0.364202 0.242337 -1.163173
v 0.541151 0.067089 -0.776708
v 0.509581 0.015442 -0.700805
v 0.583492 0.041513 -0.690442
v 0.502687 0.016977 -0.562923
v 0.546473 0.015442 -0.642708
v 0.601707 0.030511 -0.653331
v 0.384975 0.016977 -0.436446
v 0.369227 0.016977 -0.529324
v 0.458617 0.011498 -0.345383
v 0.426406 0.000000 -0.724260
v 0.492749 0.021659 -0.749531
v 0.336518 0.171276 -1.098531
v 0.363881 0.103465 -1.020102
v 0.317208 0.210018 -1.156551
v 0.440454 0.058976 -0.873133
v 0.285907 0.280766 -1.245938
v 0.480345 0.020731 -0.781023
v 0.394805 0.091754 -0.960748
v 0.063010 0.411628 -1.734274
v 0.118537 0.364050 -1.617244
v 0.157956 0.349477 -1.528420
v 0.126967 0.422301 -1.640191
v 0.139040 0.346482 -1.574031
v 0.085651 0.416737 -1.684111
v 0.189017 0.352939 -1.481658
v 0.126932 0.382802 -1.591429
v 0.229800 0.335222 -1.406416
v 0.282346 0.303667 -1.297744
v 1.772211 5.698500 1.645566
v 1.998138 5.412301 1.309095
v 1.930632 5.704371 1.401657
v 1.799142 5.839290 1.412390
v 1.768636 5.842460 1.519813
v 2.000825 5.282087 1.836787
v 1.964271 5.525412 1.688814
v 2.049354 5.377174 1.741237
v 1.787847 5.650627 1.682196
v 1.893142 5.508189 1.230356
v 2.121735 5.210671 1.780742
v 1.981832 5.524708 1.626900
v 1.980945 5.626967 1.530082
v 1.800629 5.772296 1.547367
v 1.887064 4.711859 1.994860
v 1.821076 5.699595 1.563768
v 1.922424 5.700783 1.551144
v 1.963624 5.480406 1.342600
v 1.931219 5.620608 1.387032
v 2.053419 5.317451 1.732025
v 2.070163 5.373201 1.684569
v 2.116946 5.347701 1.668879
v 1.932973 4.626134 1.978081
v 1.843081 5.648453 1.597321
v 1.925754 5.651923 1.543317
v 1.931572 5.521556 1.307642
v 2.107981 5.282087 1.776057
v 2.110092 5.326574 1.594056
v 1.833170 5.820420 1.478834
v 1.854651 5.783143 1.489389
v 2.007596 5.449929 1.715508
v 2.035029 5.421376 1.485486
v 1.985081 5.497082 1.442184
v 2.028196 5.445184 1.657170
v 2.021850 5.447725 1.576520
v 1.998636 4.914354 1.931453
v 2.181686 5.054512 1.763188
v 1.871651 5.026999 1.988491
v 2.065686 4.835063 1.856131
v 2.058199 5.035713 1.884134
v 1.827065 2.414433 0.998398
v 1.920755 2.315309 1.145849
v 1.920987 2.219604 1.151343
v 1.949936 2.258998 1.252089
v 1.826523 2.178504 0.984386
v 1.888336 2.362255 1.068284
v 1.357241 5.830057 0.663105
v 1.887163 5.321460 1.106443
v 1.744247 5.262267 0.881376
v 1.540240 5.781192 0.848047
v 1.885138 5.422428 1.166519
v 1.667910 5.337266 0.827414
v 1.625019 5.637130 0.878413
v 1.456743 5.828105 0.777963
v 1.867638 5.227631 1.075695
v 1.781520 5.148564 0.940075
v 1.260395 5.879586 0.687611
v 1.279162 5.894369 0.753723
v 1.914387 5.619361 1.327429
v 1.588466 5.782893 0.923995
v 1.064912 5.985613 0.672087
v 1.845423 5.556813 1.185843
v 1.751810 5.677883 1.113319
v 1.715714 5.668612 1.054085
v 1.720443 5.545900 0.996210
v 1.686963 5.534717 0.941047
v 1.761941 5.343393 1.007178
v 1.734293 5.595357 1.084549
v 1.736899 5.471413 1.022898
v 1.664230 5.466629 0.916042
v 1.688801 5.391441 0.911151
v 1.738826 5.326107 0.948964
v 1.835467 5.379622 1.113259
v 1.761659 5.277705 0.952689
v 1.837607 5.309161 1.072294
v 1.641809 5.517756 0.858292
v 1.634935 5.665809 0.932040
v 1.811693 5.511058 1.153709
v 1.730253 5.361640 0.972189
v 1.767549 5.435325 1.063568
v 1.748457 5.335927 0.984255
v 1.784667 5.290528 1.006495
v 1.812567 5.447299 1.140855
v 1.837905 5.466564 1.166908
v 1.599759 5.702037 0.904415
v 1.633892 5.606129 0.904734
v 1.461232 5.828750 0.853952
v 1.560701 5.772884 0.891040
v 1.386157 5.837339 0.770922
v 1.307551 5.855681 0.719007
v 1.455972 5.815695 0.823966
v 1.498057 5.798303 0.853084
v 1.398164 5.851480 0.819233
v 1.011908 5.712499 0.415364
v 1.375881 5.609107 0.486808
v 1.243888 5.608503 0.407364
v 1.510009 5.624193 0.697635
v 1.466259 5.695741 0.654104
v 1.224943 5.767907 0.507346
v 1.220851 5.245142 0.181787
v 1.297460 5.618262 0.439608
v 1.043133 4.355463 -0.198812
v 1.315073 5.687447 0.507211
v 1.309328 5.771958 0.562904
v 1.220541 5.323243 0.213883
v 1.131160 5.245512 0.099139
v 1.308537 5.089984 0.200298
v 1.296731 5.280149 0.252127
v 1.297121 5.455944 0.352426
v 1.153249 4.407264 -0.049334
v 1.116087 4.031172 -0.107857
v 1.153047 3.555589 -0.049652
v 1.165288 3.362736 -0.030374
v 1.070354 5.430695 0.190856
v 0.872614 5.228084 -0.055851
v 0.972553 5.496266 0.189070
v 0.984786 5.633686 0.339145
v 0.961581 5.319242 0.055147
v 1.345536 5.648202 0.496990
v 1.239511 5.297840 0.223405
v 1.217199 5.151031 0.132846
v 1.240331 5.107988 0.140176
v 0.028823 3.509485 -1.753353
v -0.054313 3.412570 -1.848957
v -0.241250 3.372266 -2.066949
v -0.477358 3.439073 -2.338321
v -0.042636 3.933896 -1.766138
v 0.123726 3.214539 -1.670640
v -0.133477 3.240589 -1.946482
v 0.038955 3.266333 -1.745790
v 0.096547 3.341503 -1.676520
v 0.034481 3.370741 -1.747462
v -0.348825 2.968701 -2.205189
v -0.089554 3.336010 -1.892372
v -0.219190 3.600877 -2.035738
v -0.494776 3.281290 -2.363813
v -0.012756 3.011721 -1.885574
v -0.558511 3.345947 -2.457092
v -0.421436 3.234422 -2.280397
v 1.089593 4.007544 -0.149580
v 1.075794 4.382208 -0.117410
v 1.205241 4.897650 0.064437
v 1.147200 4.642955 -0.003740
v 1.191800 4.900226 0.019622
v 1.111617 4.582519 -0.058685
v 1.083863 4.504712 -0.138967
v 1.140072 4.708375 -0.025564
v 1.171499 4.742959 0.022070
v 1.270889 4.924468 0.139778
v 1.133048 4.684940 -0.066701
v 1.239020 4.968861 0.117574
v 1.203766 4.814555 0.072906
v 1.225671 4.725665 0.067087
v 1.232461 5.041024 0.130694
v 1.262599 5.175961 0.184377
v 1.223887 5.002753 0.094803
v 1.249629 4.830996 0.105601
v 1.243849 4.864468 0.097176
v 1.225085 4.896522 0.094988
v 1.221319 4.931546 0.089730
v 1.201078 4.941389 0.033919
v 1.206555 4.936076 0.067065
v 1.138658 4.671348 -0.039726
v 1.189269 4.629994 0.041403
v 1.102574 4.531704 -0.073611
v 1.089408 4.457709 -0.095347
v 1.140045 4.547142 -0.016170
v 1.172651 4.556935 0.014690
v 1.059670 4.296300 -0.143591
v 1.045525 4.367877 -0.152919
v 1.140747 4.280742 -0.069022
v 1.058000 4.409942 -0.176967
v 1.080288 4.286386 -0.110672
v 1.134386 4.216363 -0.079040
v 1.083961 4.208060 -0.105164
v 1.081355 4.135479 -0.162554
v 1.493031 4.295987 0.485758
v 1.558518 3.825975 0.588889
v 1.544691 4.540946 0.568929
v 1.585560 4.687304 0.633487
v 1.286285 4.363695 0.160173
v 1.403878 4.738187 0.348222
v 1.256566 4.541169 0.114533
v 0.931818 3.208935 -0.398046
v 1.135430 3.570101 -0.077395
v 1.086749 3.418346 -0.154059
v 1.052527 3.384967 -0.207952
v 1.018644 3.281983 -0.261311
v 1.129886 3.362406 -0.086126
v 1.361512 3.351537 0.304974
v 1.732210 4.107574 0.862421
v 1.784072 4.076402 0.944094
v 1.687237 4.012985 0.860949
v 1.533202 3.740744 0.575352
v 1.396763 3.543752 0.403508
v 1.466089 3.660506 0.512684
v 1.371197 3.453944 0.363246
v 1.570032 3.064933 0.633352
v 1.385992 3.291132 0.386545
v 1.405426 3.454006 0.417150
v 1.507250 3.273541 0.534483
v 2.029253 4.425860 1.381705
v 1.919648 4.261069 1.209099
v 1.286613 3.385149 0.160689
v 1.131842 3.134225 -0.083047
v 1.005489 2.855223 -0.243285
v 1.156247 3.297431 -0.044613
v 1.097560 3.012046 -0.098289
v 1.020272 2.953342 -0.258748
v 1.009833 2.881934 -0.275187
v 1.078716 3.048095 -0.166710
v 1.062393 2.952146 -0.153672
v 1.190216 2.491352 0.036421
v 1.347396 2.721499 0.272901
v 0.811390 2.614693 -0.587697
v 0.549477 2.699241 -1.000162
v 0.161439 2.576931 -1.611249
v 0.590667 3.189864 -0.935296
v -0.454210 2.368960 -2.580781
v -0.442935 2.203525 -2.563025
v -0.515752 2.094388 -2.677698
v -0.437918 2.315152 -2.555125
v -0.440794 2.251164 -2.559653
v -0.362160 2.241372 -2.435818
v -0.218060 2.357815 -2.208889
v 0.078258 2.318405 -1.742243
v -0.249789 2.397320 -2.258856
v -0.342556 2.356803 -2.404946
v -0.419758 2.296757 -2.526525
v -0.303005 2.374077 -2.342661
v -0.421290 2.248352 -2.528937
v -0.348926 2.321771 -2.414978
v -0.134529 2.346705 -2.077343
v -0.130220 2.449544 -2.070557
v -0.350298 2.104764 -2.417139
v 0.984582 3.793161 -0.314953
v 0.821313 3.880453 -0.572071
v 1.101343 3.825080 -0.131077
v 0.738702 3.968445 -0.670208
v 0.659742 3.993514 -0.794556
v 1.133641 3.805298 -0.080213
v 0.465878 4.037747 -1.079258
v 0.448245 4.081292 -1.159583
v 0.574522 4.178096 -0.960720
v 0.225900 4.169604 -1.509735
v 0.287910 4.138738 -1.412082
v 0.317859 4.077242 -1.332957
v 0.397061 4.096613 -1.208228
v 0.358145 4.101559 -1.269514
v 0.377028 3.996847 -1.271736
v 0.274923 4.090631 -1.400574
v 0.181821 3.812591 -1.579151
v 0.293171 4.051543 -1.403796
v 0.614698 4.004416 -0.897451
v 0.498725 3.946214 -1.048127
v 0.830718 3.931987 -0.557259
v 0.764039 4.016471 -0.662266
v 0.669660 4.040504 -0.810896
v 0.557540 3.971644 -0.987463
v 0.507624 4.067455 -1.066073
v 0.414782 4.135231 -1.212281
v 0.567281 3.932436 -0.940165
v 0.440462 4.159687 -1.171841
v 0.386044 4.152214 -1.257538
v 0.337985 4.145615 -1.333223
v 0.370981 4.062282 -1.260663
v 0.563754 3.875056 -0.977678
v 0.646838 3.943033 -0.846836
v 0.598125 3.896361 -0.923551
v 0.745836 3.923304 -0.690933
v 0.676008 3.951092 -0.800899
v 0.683474 3.796969 -0.789141
v 0.461038 3.993988 -1.118840
v 0.443118 3.953740 -1.167657
v 0.549572 3.919819 -0.980995
v 0.477868 3.931075 -1.112933
v 0.507306 3.826667 -1.066573
v 0.438303 3.765390 -1.175239
v 0.491187 3.942594 -1.072823
v 2.075045 4.645977 1.522641
v 2.031944 4.617545 1.403092
v 2.025231 4.488982 1.375371
v 2.015373 4.659986 1.359848
v 2.035944 4.320863 1.392242
v 2.048416 4.681667 1.452426
v 2.054799 4.572986 1.462114
v 2.137269 4.491735 1.585672
v 2.104431 4.416731 1.544809
v 2.093058 4.339337 1.454011
v 2.032009 4.569443 1.399744
v 2.026738 4.476190 1.326247
v 2.115059 4.657001 1.554194
v 1.947559 4.202756 1.201556
v 2.036366 4.712898 1.341410
v 1.899879 4.243781 1.126468
v 2.064376 4.240386 1.385520
v 2.065220 4.732069 1.423730
v 2.112421 4.584707 1.541703
v 2.148039 4.499489 1.632525
v 2.131109 4.376740 1.577386
v 2.095773 4.271583 1.473374
v 1.999072 4.671608 1.282679
v 2.044973 4.630369 1.461086
v 2.028024 4.542780 1.441174
v 2.072544 4.436043 1.506325
v 2.066274 4.490417 1.495958
v 2.035702 4.428465 1.417942
v 2.053778 4.431695 1.454112
v 2.032513 4.489930 1.467582
v 2.037423 4.460884 1.453083
v 2.090637 4.537678 1.515807
v 2.018687 5.117616 1.313569
v 2.056076 5.118851 1.437712
v 2.135059 4.995095 1.638772
v 2.066465 4.990788 1.571195
v 2.038107 5.077567 1.373388
v 2.187124 4.962814 1.771751
v 2.091880 4.816217 1.562303
v 2.127446 4.884974 1.650999
v 1.524816 5.901662 1.578375
v 1.781677 4.012859 0.940322
v 1.596606 3.027999 0.675859
v 1.819500 4.154239 0.999887
v 1.809871 4.104127 0.984722
v 1.532650 3.309199 0.548152
v 1.431350 3.327292 0.388623
v 1.426779 3.396053 0.381425
v 1.463377 3.436905 0.439060
v 1.511166 3.612275 0.514318
v 1.560119 3.691692 0.591411
v 1.722639 3.949081 0.847349
v 1.898026 4.178494 1.123550
v 1.548129 3.015416 0.574906
v 1.327368 3.369370 0.224870
v 1.349331 3.390333 0.259459
v 1.411656 3.587874 0.357608
v 1.550059 3.108763 0.575567
v 1.448324 3.248595 0.415353
v 1.389715 3.231135 0.328339
v 1.382346 3.303143 0.312453
v 1.327586 3.332756 0.226960
v 1.388611 3.492691 0.321317
v 1.504390 3.228764 0.503647
v 1.650297 3.924476 0.759755
v 1.437014 3.561533 0.466896
v 1.609823 3.770410 0.669685
v 1.410028 3.371992 0.355045
v 1.582655 3.124591 0.626900
v 1.547722 3.253559 0.571887
v 1.548080 3.137871 0.598784
v 1.467664 3.280382 0.472143
v 1.368868 3.314668 0.359579
v 1.512261 3.750980 0.516042
v 1.460538 3.667125 0.434588
v 1.578737 3.024294 0.648419
v 1.680550 4.023820 0.781066
v 1.624735 3.933329 0.693168
v 1.718977 2.761183 0.868571
v 1.658369 2.943106 0.773125
v 1.635725 2.793766 0.721116
v 1.693695 2.861960 0.829563
v 1.877759 2.467478 1.098732
v 1.896878 2.447135 1.119746
v 1.920472 2.431730 1.139166
v 1.772161 2.744758 0.952325
v 1.824502 2.538391 1.028005
v 1.866780 2.447922 1.056845
v 1.727685 2.714239 0.855296
v 1.526579 2.983862 0.542484
v 1.899203 2.406697 1.091168
v 1.920600 2.379001 1.142193
v 1.522651 3.081534 0.535260
v 1.816705 2.521946 0.987059
v 1.770168 2.700483 0.920471
v 1.619189 2.758980 0.689276
v 1.570675 2.968611 0.610732
v 1.622240 3.073906 0.689239
v 1.676618 2.995891 0.774874
v 1.792726 2.773557 0.957723
v 1.862849 2.564046 1.055549
v 1.895990 2.506549 1.102054
v 1.799947 2.635206 0.992501
v 1.849371 2.505277 1.061032
v 1.828480 2.666734 1.007601
v 1.626583 2.986796 0.723067
v 1.598649 2.928123 0.681199
v 1.626111 2.865778 0.759233
v 1.683996 2.732255 0.788444
v 1.645245 2.828779 0.789651
v 1.596869 2.957443 0.712115
v 1.607300 2.934243 0.728737
v 1.678269 2.775521 0.806273
v 1.786750 3.547786 0.898364
v 1.920498 3.354845 1.108992
v 1.980997 3.437473 1.204268
v 1.775139 3.239746 0.880079
v 2.007111 3.635440 1.295338
v 1.908375 3.763440 1.089901
v 1.652138 3.323612 0.686376
v -0.721804 3.738027 -2.178294
v -0.849406 3.345284 -2.377468
v -0.891649 3.538841 -2.212554
v -0.296710 3.629443 -2.124002
v -0.341532 3.400640 -2.182208
v -0.400383 3.870016 -2.207181
v -0.303514 3.791637 -2.104240
v -0.364586 3.654455 -2.201285
v -1.162092 3.482246 -2.106648
v -1.050766 3.794330 -1.972407
v -1.521113 3.401493 -2.128776
v -1.123210 2.929960 -2.337538
v -0.026471 4.782426 -1.136675
v -0.362209 4.296829 -1.899217
v -0.580257 4.101242 -1.857388
v -0.326171 4.495804 -1.837680
v -0.556696 4.302864 -1.766054
v -0.722660 2.684126 -2.499704
v -0.637365 3.476558 -2.375127
v -0.665394 3.345764 -2.476988
v -0.690105 3.060258 -2.486790
v -1.500607 4.511010 -1.077958
v -1.754238 4.077846 -1.396209
v -1.691485 4.367148 -1.288116
v -1.828806 4.021980 -1.302485
v -2.033005 3.380414 -1.624061
v -1.881566 3.453820 -1.733626
v -1.823150 3.663547 -1.519130
v -1.767590 4.237465 -1.108746
v -1.790253 4.212887 -1.241772
v -1.623412 4.396045 -0.979628
v -1.590240 4.450834 -1.028833
v -1.619520 4.226545 -0.786553
v -1.309099 4.652234 -0.889626
v -1.233737 4.722361 -0.847333
v -1.079215 4.852924 -0.693301
v -1.237052 4.808840 -0.611015
v -1.449519 4.551167 -0.972717
v -1.347711 4.607729 -0.913901
v -1.286911 4.749645 -0.510287
v -1.348627 4.646338 -0.666202
v -1.388141 4.598112 -0.713112
v -1.029652 4.566056 -1.155449
v -1.103481 4.615929 -1.012901
v -1.003442 4.701831 -1.063296
v -0.670822 4.943967 -0.726179
v -0.869402 4.662642 -1.242378
v -0.334280 4.859594 -0.940579
v -0.886482 4.597452 -1.281432
v -0.938454 4.274894 -1.435520
v -1.176269 4.540612 -1.026434
v -1.201765 4.631741 -0.901649
v -1.404638 3.965093 -1.594377
v -0.902431 3.981031 -1.763935
v -1.060774 3.890346 -1.832169
v -1.422077 4.138486 -1.463687
v -1.562035 4.109791 -1.514408
v -0.329605 4.721050 -1.247212
v -0.469009 4.696276 -1.298045
v -0.332117 4.811052 -1.082499
v -0.595013 4.763632 -1.087628
v -1.108710 0.031432 -2.258958
v -0.666749 0.031432 -1.661646
v -0.333453 0.031432 -1.259879
v -0.781044 0.031432 -1.799478
v -0.997616 0.031432 -2.329503
v -1.045924 0.031432 -2.173432
v -0.662769 0.054190 -1.841146
v -0.269157 0.031432 -1.367035
v -0.566399 0.031432 -1.814350
v -0.671238 0.000000 -1.459228
v -0.661032 0.000000 -1.919509
v -0.159998 0.000000 -1.164293
v -0.953619 0.000000 -2.399654
v -1.206977 0.000000 -2.238773
v -0.987467 0.000000 -2.190016
v -0.766786 0.000000 -1.882627
v -0.365816 0.000000 -1.137365
v -0.870711 0.000000 -1.739634
v -1.116629 0.000000 -2.135447
v -0.499154 0.000000 -1.874574
v -0.201831 0.000000 -1.386541
v -0.540144 0.000000 -1.321077
v -0.427885 0.054190 -1.484651
v -0.619675 0.054190 -1.733279
v -1.337514 0.463059 -2.662198
v -1.341568 0.785409 -2.659623
v -1.208521 0.219720 -2.434863
v -1.167464 0.253197 -2.504031
v -1.289672 0.498649 -2.715244
v -1.420838 0.463059 -2.651501
v -1.378825 0.884115 -2.678179
v -1.512634 0.932686 -2.593211
v -1.157423 0.285806 -2.600392
v -1.229821 0.312732 -2.582727
v -1.318451 0.862610 -2.716516
v -1.275437 0.165198 -2.378486
v -1.355146 0.328485 -2.528152
v -1.278009 0.350805 -2.557326
v -1.612882 0.000000 -1.981025
v -2.271956 0.369625 -2.000364
v -0.928370 0.600935 -2.964216
v -1.948955 0.552263 -2.316149
v -1.796083 0.000000 -1.250953
v -0.961141 0.026871 -1.466028
v -1.046718 0.026871 -1.677141
v -1.806633 0.068358 -1.225059
v -0.831210 0.000000 -1.145565
v -1.950556 0.189376 -1.990933
v -1.599141 0.000000 -1.480995
v -2.159049 0.158998 -1.822555
v -1.269393 0.000000 -1.796660
v -1.280998 0.026871 -1.593956
v -0.668789 2.651274 -2.558237
v -0.542975 2.479127 -2.572890
v -1.042615 2.701596 -2.663447
v -1.077901 2.450805 -2.742918
v -1.109565 2.799502 -2.588684
v -2.322042 2.181745 -2.079240
v -2.300290 1.720122 -2.093052
v -2.322042 1.089622 -2.079240
v -2.293925 2.813654 -1.996742
v -2.243508 2.258617 -1.777146
v -2.285883 1.787160 -1.934002
v -2.298678 1.915661 -1.989366
v -2.237682 2.798892 -2.132808
v -2.188243 1.680854 -2.189734
v -2.324502 1.392815 -2.076184
v -2.322042 1.928347 -2.079240
v -2.281183 2.480655 -2.105185
v -1.615896 2.031189 -2.527640
v -2.028002 2.540006 -2.265954
v -2.110726 2.642143 -2.213425
v -1.987211 2.803190 -2.291856
v -2.155805 1.816744 -1.511477
v -2.319380 1.344641 -2.106462
v -2.307347 1.373114 -2.020212
v -2.329945 1.295967 -2.091684
v -2.302678 1.463170 -2.001462
v -2.018114 1.364838 -1.243263
v -1.369003 1.666130 -2.696698
v -2.015700 1.169009 -2.299298
v -2.302802 1.452657 -2.116989
v -2.245142 1.395692 -2.153603
v -2.204120 0.791507 -1.605591
v -0.599108 0.182999 -2.561451
v -0.263654 0.463059 -2.280691
v -0.745258 0.448014 -2.858407
v -0.390389 0.666304 -2.480275
v -0.515752 0.744658 -2.677698
v -1.021512 0.095210 -2.466526
v -0.711716 0.116700 -2.609296
v -0.821605 0.299395 -2.791129
v -1.055300 0.289718 -2.658759
v -0.901065 0.207624 -2.651832
v -0.783585 0.223083 -2.710172
v -2.029953 0.721975 -1.295290
v -2.138700 0.780222 -1.478157
v -1.671678 0.463059 -0.767094
v -1.766406 0.600738 -0.916273
v -2.322042 0.709330 -2.079240
v -2.140992 0.656395 -2.194206
v -2.227000 0.689641 -2.155038
v -2.270508 0.601706 -1.872247
v -2.271718 0.463059 -1.877106
v -1.729091 0.088196 -1.090610
v 0.815804 0.000000 2.487166
v 0.618980 0.072456 2.612149
v 0.699177 0.138744 2.678615
v -0.692806 0.187588 0.627666
v -0.285893 0.000000 0.159523
v -0.704544 0.000000 0.042845
v -0.909540 0.000000 0.145186
v -0.322025 0.023102 0.974363
v -0.455596 0.166769 0.986521
v 0.185052 0.000000 0.337900
v 0.169115 0.463059 2.226233
v 0.006790 0.463059 1.970603
v 0.300525 0.653538 2.433180
v 0.395692 0.629018 2.583049
v 0.397325 0.091910 2.276827
v -0.223082 0.146362 1.338269
v -0.378370 0.463059 1.364048
v -2.009408 3.281774 -1.298955
v -1.903395 3.089933 -1.132005
vt 0.019020 0.634235
vt 0.074067 0.628371
vt 0.073910 0.677787
vt 0.516236 0.095933
vt 0.502586 0.117891
vt 0.502956 0.107905
vt 0.509794 0.100343
vt 0.644294 0.519294
vt 0.663140 0.519294
vt 0.661633 0.534402
vt 0.416338 0.480706
vt 0.401620 0.490714
vt 0.394294 0.480706
vt 0.407931 0.472276
vt 0.605706 0.480706
vt 0.616766 0.480706
vt 0.621107 0.484599
vt 0.612331 0.493375
vt 0.605706 0.500000
vt 0.355706 0.519294
vt 0.355706 0.510936
vt 0.362875 0.511081
vt 0.362575 0.506869
vt 0.368613 0.512908
vt 0.364702 0.513929
vt 0.357672 0.513307
vt 0.358508 0.515391
vt 0.361711 0.519294
vt 0.605706 0.730706
vt 0.610834 0.730706
vt 0.612053 0.738100
vt 0.605706 0.738331
vt 0.394294 0.230706
vt 0.394294 0.250000
vt 0.375000 0.230706
vt 0.660237 0.095933
vt 0.660237 0.076639
vt 0.679531 0.095933
vt 0.003825 0.731858
vt 0.008011 0.729272
vt 0.007647 0.735680
vt -0.000275 0.516347
vt 0.008305 0.590687
vt -0.000275 0.583671
vt 0.284939 0.505458
vt 0.243379 0.508664
vt 0.246040 0.499040
vt 0.566320 0.651947
vt 0.553147 0.625605
vt 0.558860 0.614049
vt 0.448825 0.076639
vt 0.466445 0.076639
vt 0.463066 0.080573
vt 0.448825 0.078507
vt 0.614900 0.716369
vt 0.613425 0.682481
vt 0.622673 0.704216
vt 0.625000 0.852611
vt 0.625000 0.862902
vt 0.618231 0.849827
vt 0.636677 0.575447
vt 0.636508 0.519294
vt 0.073751 0.728237
vt 0.079594 0.684928
vt 0.675150 0.106762
vt 0.654890 0.109147
vt 0.605706 0.304869
vt 0.618478 0.293343
vt 0.625000 0.295390
vt 0.625000 0.304556
vt 0.625000 0.325162
vt 0.355706 0.730706
vt 0.355706 0.673358
vt 0.394294 0.686058
vt 0.577999 0.269945
vt 0.605706 0.269294
vt 0.527490 0.306304
vt 0.614196 0.852905
vt 0.816211 0.730706
vt 0.829282 0.695643
vt 0.839368 0.716240
vt 0.605706 0.374859
vt 0.614580 0.379048
vt 0.622439 0.382758
vt 0.612943 0.405887
vt 0.605706 0.423958
vt 0.947384 0.579046
vt 0.887728 0.607136
vt 0.846961 0.626332
vt 0.843819 0.615307
vt 0.840677 0.604283
vt 0.842061 0.598668
vt 0.843445 0.593054
vt 0.843407 0.587218
vt 0.843369 0.581382
vt 0.846498 0.577898
vt 0.849627 0.574414
vt 0.571399 0.826216
vt 0.532150 0.800973
vt 0.588357 0.781891
vt 0.596090 0.785248
vt 0.628570 0.076639
vt 0.617922 0.087242
vt 0.517529 0.213743
vt 0.514462 0.199685
vt 0.516780 0.195760
vt 0.517773 0.191767
vt 0.524360 0.193295
vt 0.530001 0.192880
vt 0.531144 0.190874
vt 0.540810 0.193161
vt 0.473998 0.250000
vt 0.470428 0.269294
vt 0.452927 0.269294
vt 0.454860 0.250000
vt 0.605706 0.289322
vt 0.583199 0.305282
vt 0.605706 0.330957
vt 0.827575 0.584336
vt 0.619790 0.376094
vt 0.625000 0.373140
vt 0.625000 0.383966
vt 0.881856 0.680248
vt 0.905630 0.643532
vt 0.914837 0.679167
vt 0.890418 0.694668
vt 0.621179 0.283383
vt 0.625000 0.914960
vt 0.625000 0.929152
vt 0.621677 0.929191
vt 0.622951 0.913618
vt 0.911817 0.730706
vt 0.895577 0.730706
vt 0.894153 0.720759
vt 0.903614 0.716890
vt 0.591098 0.365609
vt 0.605706 0.351186
vt 0.454818 0.158708
vt 0.443515 0.178799
vt 0.430158 0.173185
vt 0.452006 0.129248
vt 0.432578 0.198237
vt 0.415368 0.230706
vt 0.421783 0.259369
vt 0.433907 0.249443
vt 0.435184 0.261184
vt 0.436462 0.272926
vt 0.463639 0.207342
vt 0.473742 0.194258
vt 0.552213 0.212272
vt 0.565845 0.199082
vt 0.563213 0.230706
vt 0.477568 0.230706
vt 0.486425 0.208833
vt 0.504565 0.210021
vt 0.498343 0.230706
vt 0.937882 0.730706
vt 0.940132 0.694797
vt 0.971662 0.648002
vt 0.986956 0.688273
vt 0.959327 0.730706
vt 0.616745 0.952216
vt 0.621688 0.938404
vt 0.625000 0.940829
vt 0.625000 0.969297
vt 1.032564 0.554079
vt 1.005730 0.597440
vt 0.996670 0.543431
vt 0.625000 0.980706
vt 0.605706 0.980706
vt 0.618740 0.972999
vt 1.011612 0.730706
vt 1.011670 0.714209
vt 1.032564 0.713718
vt 1.032564 0.730706
vt 1.011897 0.649969
vt 1.008638 0.622212
vt 1.032564 0.617320
vt 1.032564 0.639635
vt 0.539755 0.906439
vt 0.568136 0.912454
vt 0.581725 0.938550
vt 0.575002 0.940030
vt 0.569478 0.941112
vt 0.558122 0.936026
vt 0.524010 0.920749
vt 0.536197 0.909673
vt 0.538611 0.952139
vt 0.543865 0.940272
vt 0.550162 0.944891
vt 0.559145 0.947281
vt 0.564406 0.946545
vt 0.568149 0.954427
vt 0.409660 0.269294
vt 0.407833 0.312688
vt 0.399829 0.320124
vt 0.402690 0.330450
vt 0.394294 0.335982
vt 0.394294 0.322215
vt 0.394294 0.308448
vt 0.394294 0.269294
vt 0.081374 0.497598
vt 0.077897 0.507215
vt 0.074419 0.516832
vt 0.049787 0.516616
vt 0.019020 0.516347
vt 0.019020 0.497052
vt 0.080795 0.747593
vt 0.080169 0.745873
vt 0.083359 0.746240
vt 0.088693 0.747662
vt 0.198417 0.517917
vt 0.240719 0.518287
vt 0.198135 0.571834
vt 0.155550 0.625380
vt 0.526538 0.091469
vt 0.529945 0.094121
vt 0.525630 0.093696
vt 0.476473 0.373103
vt 0.488322 0.382968
vt 0.500171 0.392834
vt 0.495078 0.407195
vt 0.112347 0.501086
vt 0.157569 0.517560
vt 0.126916 0.512096
vt 0.250574 0.749080
vt 0.249835 0.729779
vt 0.355706 0.750000
vt 0.308701 0.607805
vt 0.274578 0.518584
vt 0.318304 0.518967
vt 0.316374 0.537173
vt 0.325971 0.549552
vt 0.327236 0.572904
vt 0.419398 0.168663
vt 0.411660 0.187787
vt -0.000275 0.613671
vt 0.005328 0.619642
vt 0.005167 0.667954
vt 0.002562 0.641965
vt 0.502349 0.122152
vt 0.502434 0.128705
vt 0.499888 0.122230
vt 0.502845 0.177741
vt 0.486848 0.200960
vt 0.492335 0.128344
vt 0.485178 0.132277
vt 0.478096 0.140274
vt 0.466769 0.148010
vt 0.461829 0.154134
vt 0.456040 0.157093
vt 0.461814 0.152899
vt 0.464588 0.148866
vt 0.478042 0.138896
vt 0.484759 0.131936
vt 0.491972 0.127436
vt 0.518329 0.187843
vt 0.516801 0.190306
vt 0.512624 0.197035
vt 0.511758 0.196534
vt 0.514240 0.192158
vt 0.517188 0.187099
vt 0.470404 0.107046
vt 0.487296 0.115745
vt 0.448825 0.095933
vt 0.485874 0.095933
vt 0.496318 0.120392
vt 0.518742 0.184620
vt 0.547098 0.150543
vt 0.528898 0.118337
vt 0.536684 0.112184
vt 0.501268 0.120012
vt 0.551487 0.195686
vt 0.543203 0.191423
vt 0.523656 0.167986
vt 0.521371 0.167335
vt 0.517661 0.159606
vt 0.519117 0.167179
vt 0.509964 0.149908
vt 0.512188 0.148205
vt 0.513436 0.146279
vt 0.508837 0.137513
vt 0.510305 0.138438
vt 0.506543 0.136726
vt 0.521508 0.173668
vt 0.522928 0.175852
vt 0.530797 0.188354
vt 0.533155 0.188923
vt 0.531695 0.189651
vt 0.521231 0.182507
vt 0.521088 0.187058
vt 0.520080 0.174153
vt 0.531950 0.190419
vt 0.515188 0.195507
vt 0.513674 0.197816
vt 0.510828 0.199930
vt 0.529977 0.190598
vt 0.530843 0.190076
vt 0.516327 0.186537
vt 0.515091 0.189775
vt 0.512917 0.191698
vt 0.512154 0.194782
vt 0.509645 0.197804
vt 0.518909 0.183315
vt 0.524641 0.192399
vt 0.533854 0.188055
vt 0.524196 0.182993
vt 0.528787 0.192159
vt 0.523544 0.180986
vt 0.536050 0.212817
vt 0.531717 0.230706
vt 0.523605 0.221008
vt 0.543174 0.230706
vt 0.540152 0.223119
vt 0.573292 0.942820
vt 0.569932 0.943338
vt 0.605706 0.957336
vt 0.595444 0.954581
vt 0.595144 0.952606
vt 0.630208 0.095933
vt 0.621183 0.134529
vt 0.630541 0.204665
vt 0.632035 0.206348
vt 0.628572 0.217427
vt 0.626636 0.214803
vt 0.567841 0.187247
vt 0.583236 0.095933
vt 0.579260 0.119514
vt 0.572757 0.158086
vt 0.614378 0.209274
vt 0.573220 0.189793
vt 0.577647 0.177556
vt 0.592929 0.162453
vt 0.578831 0.159401
vt 0.580479 0.076639
vt 0.574039 0.980706
vt 0.550801 0.980706
vt 0.576643 0.969707
vt 0.520362 0.950726
vt 0.519800 0.945667
vt 0.519154 0.939848
vt 0.518233 0.931550
vt 0.529367 0.931866
vt 0.544804 0.938153
vt 0.525948 0.980706
vt 0.521581 0.957265
vt 0.642184 0.140550
vt 0.576522 0.356379
vt 0.596179 0.335335
vt 0.563417 0.345683
vt 0.495186 0.259472
vt 0.491380 0.264624
vt 0.487929 0.269294
vt 0.493136 0.250000
vt 0.599364 0.230706
vt 0.536807 0.261394
vt 0.573903 0.268085
vt 0.532148 0.283849
vt 0.513576 0.282176
vt 0.514400 0.293665
vt 0.506563 0.288080
vt 0.599364 0.247120
vt 0.512368 0.265344
vt 0.497249 0.267788
vt 0.620511 0.235195
vt 0.625000 0.230706
vt 0.616431 0.247844
vt 0.614611 0.248783
vt 0.622584 0.206934
vt 0.615141 0.230706
vt 0.605706 0.230706
vt 0.605706 0.250000
vt 0.615141 0.240565
vt 0.605706 0.261879
vt 0.605332 0.076639
vt 0.580970 0.955420
vt 0.586175 0.955823
vt 0.590771 0.956179
vt 0.595560 0.956550
vt 0.601296 0.959214
vt 0.407210 0.327473
vt 0.407439 0.322036
vt 0.412232 0.322568
vt 0.489984 0.421556
vt 0.489919 0.428655
vt 0.490098 0.435317
vt 0.492088 0.442380
vt 0.497034 0.448181
vt 0.500276 0.458004
vt 0.499741 0.462250
vt 0.504219 0.471209
vt 0.507270 0.476307
vt 0.510332 0.480706
vt 0.456643 0.442165
vt 0.399903 0.473361
vt 0.501337 0.340547
vt 0.493487 0.350826
vt 0.483117 0.339888
vt 0.485713 0.338666
vt 0.516696 0.361872
vt 0.521998 0.368581
vt 0.519411 0.372478
vt 0.511348 0.366907
vt 0.513206 0.364024
vt 0.554529 0.391698
vt 0.549092 0.386405
vt 0.538284 0.375883
vt 0.469129 0.316575
vt 0.465724 0.322302
vt 0.462175 0.317799
vt 0.509075 0.365128
vt 0.505858 0.368488
vt 0.505988 0.372343
vt 0.497563 0.377775
vt 0.519253 0.480706
vt 0.519326 0.477168
vt 0.528676 0.476930
vt 0.532476 0.476148
vt 0.547675 0.470141
vt 0.550723 0.475424
vt 0.553771 0.480706
vt 0.581359 0.425674
vt 0.576067 0.413712
vt 0.601371 0.424264
vt 0.534220 0.349689
vt 0.495147 0.483462
vt 0.490639 0.483240
vt 0.491585 0.482571
vt 0.493690 0.482801
vt 0.498722 0.388414
vt 0.501537 0.380221
vt 0.503335 0.381118
vt 0.501652 0.384597
vt 0.500743 0.389399
vt 0.540351 0.426289
vt 0.552776 0.395973
vt 0.558897 0.401903
vt 0.559385 0.406916
vt 0.566556 0.410080
vt 0.560012 0.442659
vt 0.550181 0.434474
vt 0.599836 0.467438
vt 0.605706 0.467021
vt 0.591944 0.469248
vt 0.493370 0.502808
vt 0.475454 0.504697
vt 0.457893 0.506549
vt 0.468212 0.480706
vt 0.476420 0.482539
vt 0.502244 0.485525
vt 0.506482 0.486757
vt 0.507621 0.495212
vt 0.535172 0.461683
vt 0.539149 0.468369
vt 0.514800 0.477284
vt 0.551680 0.465662
vt 0.549677 0.467902
vt 0.525341 0.453497
vt 0.544168 0.463851
vt 0.567024 0.448498
vt 0.556287 0.452943
vt 0.554438 0.471372
vt 0.561200 0.472603
vt 0.557486 0.476655
vt 0.572238 0.474613
vt 0.511890 0.489051
vt 0.510228 0.488346
vt 0.511014 0.484363
vt 0.435384 0.426904
vt 0.406826 0.464297
vt 0.402523 0.462454
vt 0.394294 0.458929
vt 0.394294 0.411845
vt 0.427729 0.400485
vt 0.465315 0.387714
vt 0.443188 0.358068
vt 0.438541 0.368212
vt 0.394294 0.373913
vt 0.415153 0.326075
vt 0.421907 0.324886
vt 0.417725 0.329732
vt 0.154961 0.728948
vt 0.148231 0.719493
vt 0.140345 0.708413
vt 0.122634 0.718980
vt 0.110885 0.712358
vt 0.093963 0.702821
vt 0.202693 0.677580
vt 0.224494 0.701720
vt 0.245277 0.624033
vt 0.074251 0.569992
vt 0.088578 0.535774
vt 0.093331 0.583107
vt 0.090311 0.605496
vt 0.087290 0.627886
vt 0.098014 0.548400
vt 0.116597 0.534789
vt 0.124222 0.583465
vt 0.125224 0.497982
vt 0.103299 0.497790
vt 0.211711 0.507873
vt 0.185632 0.498511
vt 0.267815 0.510976
vt 0.355706 0.500000
vt 0.332192 0.501814
vt 0.329597 0.499771
vt 0.342864 0.516783
vt 0.332902 0.514836
vt 0.330785 0.509064
vt 0.332753 0.505185
vt 0.338099 0.517628
vt 0.337575 0.519135
vt 0.274710 0.563046
vt 0.261694 0.705206
vt 0.279268 0.668792
vt 0.332762 0.670716
vt 0.248543 0.699812
vt 0.256888 0.691387
vt 0.087786 0.516949
vt 0.107567 0.508648
vt 0.085904 0.712955
vt 0.123413 0.588598
vt 0.108372 0.585853
vt 0.043638 0.548003
vt 0.019020 0.556020
vt 0.529101 0.896395
vt 0.525831 0.897499
vt 0.527436 0.894825
vt 0.517907 0.928616
vt 0.512067 0.919907
vt 0.517783 0.914599
vt 0.521991 0.913922
vt 0.525886 0.910607
vt 0.538407 0.880956
vt 0.560219 0.885392
vt 0.553614 0.393929
vt 0.561047 0.400965
vt 0.569224 0.406718
vt 0.564562 0.406812
vt 0.562622 0.399971
vt 0.582422 0.395193
vt 0.824196 0.693449
vt 0.833082 0.681375
vt 0.850766 0.663109
vt 0.938803 0.549620
vt 0.843270 0.558557
vt 0.836914 0.542700
vt 0.839380 0.530997
vt 0.901439 0.542621
vt 0.971451 0.561655
vt 0.999207 0.519294
vt 0.997785 0.532824
vt 0.971018 0.533446
vt 0.929960 0.519294
vt 0.934368 0.534411
vt 0.897763 0.519294
vt 0.841846 0.519294
vt 0.823040 0.531786
vt 0.821962 0.519294
vt 0.835876 0.621465
vt 0.804078 0.684774
vt 0.800920 0.655769
vt 0.815459 0.679619
vt 0.815154 0.689550
vt 0.815764 0.669687
vt 0.812529 0.639563
vt 0.824678 0.659995
vt 0.833593 0.650304
vt 0.840277 0.638318
vt 0.794399 0.708030
vt 0.799439 0.716445
vt 0.793759 0.712105
vt 0.704903 0.648855
vt 0.722607 0.587532
vt 0.764293 0.623855
vt 0.736357 0.661236
vt 0.625000 0.769294
vt 0.625000 0.797745
vt 0.625000 0.811970
vt 0.625000 0.826196
vt 0.615767 0.838012
vt 0.605706 0.845048
vt 0.605706 0.837266
vt 0.605706 0.781027
vt 0.617815 0.769294
vt 0.732055 0.707498
vt 0.730102 0.689651
vt 0.743794 0.702707
vt 0.786241 0.680609
vt 0.765511 0.672710
vt 0.798982 0.697017
vt 0.786695 0.706707
vt 0.793239 0.683276
vt 0.625000 0.836982
vt 0.687198 0.710179
vt 0.696545 0.730706
vt 0.644294 0.730706
vt 0.654845 0.725658
vt 0.605706 0.878668
vt 0.605706 0.852307
vt 0.612403 0.858346
vt 0.625000 0.879368
vt 0.625000 0.870685
vt 0.784708 0.713825
vt 0.788879 0.730706
vt 0.779994 0.730706
vt 0.797311 0.730706
vt 0.625000 0.848020
vt 0.625000 0.843182
vt 0.775519 0.698754
vt 0.761051 0.716054
vt 0.768606 0.730706
vt 0.748797 0.730706
vt 0.745351 0.711422
vt 0.711171 0.672309
vt 0.656014 0.670232
vt 0.659089 0.546103
vt 0.722671 0.730706
vt 0.714665 0.708537
vt 0.728105 0.717267
vt 0.689521 0.619101
vt 0.672954 0.544267
vt 0.698316 0.566366
vt 0.674205 0.563521
vt 0.675475 0.583069
vt 0.666627 0.559761
vt 0.650944 0.616058
vt 0.644294 0.572147
vt 0.680232 0.639145
vt 0.644294 0.625000
vt 0.651120 0.574538
vt 0.515377 0.354039
vt 0.516008 0.357279
vt 0.513958 0.357688
vt 0.512534 0.356417
vt 0.140753 0.551648
vt 0.139886 0.604423
vt 0.133870 0.517352
vt 0.133088 0.522711
vt 0.115099 0.604960
vt 0.121420 0.626633
vt 0.456793 0.230706
vt 0.446727 0.217208
vt 0.108777 0.583286
vt 0.439844 0.234513
vt 0.443417 0.259369
vt 0.494971 0.288230
vt 0.500309 0.288910
vt 0.502077 0.291712
vt 0.495549 0.291740
vt 0.500247 0.280975
vt 0.505377 0.274951
vt 0.513066 0.275076
vt 0.520698 0.294526
vt 0.517669 0.296821
vt 0.498540 0.286107
vt 0.495003 0.280503
vt 0.494529 0.275553
vt 0.491466 0.274899
vt 0.489698 0.272096
vt 0.514784 0.299008
vt 0.505361 0.281436
vt 0.493236 0.268436
vt 0.440578 0.272018
vt 0.470451 0.287004
vt 0.467478 0.286628
vt 0.459741 0.315551
vt 0.462765 0.314327
vt 0.457312 0.318655
vt 0.457426 0.280517
vt 0.448715 0.277504
vt 0.469718 0.294911
vt 0.473556 0.296364
vt 0.464945 0.301517
vt 0.465439 0.298612
vt 0.464150 0.286277
vt 0.462604 0.283665
vt 0.424338 0.282852
vt 0.437739 0.284667
vt 0.439016 0.296409
vt 0.445971 0.282852
vt 0.466782 0.290722
vt 0.460080 0.285848
vt 0.452281 0.284959
vt 0.464374 0.304874
vt 0.456292 0.292870
vt 0.464110 0.314154
vt 0.484938 0.274927
vt 0.481947 0.280560
vt 0.478957 0.286193
vt 0.475966 0.291825
vt 0.457342 0.286883
vt 0.461529 0.291798
vt 0.415472 0.319403
vt 0.460729 0.320865
vt 0.463487 0.326064
vt 0.470688 0.328441
vt 0.471709 0.336217
vt 0.478874 0.334027
vt 0.483421 0.332637
vt 0.483239 0.336970
vt 0.492073 0.312537
vt 0.511319 0.363288
vt 0.509782 0.361818
vt 0.515141 0.360761
vt 0.504397 0.378248
vt 0.508709 0.368646
vt 0.510985 0.367942
vt 0.519643 0.354570
vt 0.531902 0.381111
vt 0.505246 0.382447
vt 0.503139 0.385393
vt 0.532727 0.369928
vt 0.526122 0.362176
vt 0.484295 0.286872
vt 0.489633 0.287551
vt 0.489022 0.291769
vt 0.482494 0.291797
vt 0.513529 0.299938
vt 0.487897 0.277021
vt 0.490855 0.279116
vt 0.490244 0.283334
vt 0.486096 0.281947
vt 0.494392 0.284720
vt 0.512270 0.477191
vt 0.515840 0.484574
vt 0.564320 0.480706
vt 0.576983 0.512076
vt 0.510494 0.495369
vt 0.509233 0.471706
vt 0.506581 0.464592
vt 0.504998 0.460346
vt 0.501991 0.452280
vt 0.499258 0.443871
vt 0.495804 0.433244
vt 0.491679 0.429898
vt 0.492956 0.439233
vt 0.497181 0.445100
vt 0.494883 0.436834
vt 0.501201 0.454918
vt 0.502527 0.458649
vt 0.501808 0.462424
vt 0.504878 0.468902
vt 0.504931 0.466080
vt 0.507334 0.472157
vt 0.509295 0.492796
vt 0.515620 0.483033
vt 0.510666 0.476908
vt 0.511651 0.478314
vt 0.513510 0.482498
vt 0.512956 0.484739
vt 0.515457 0.481891
vt 0.507216 0.485604
vt 0.508392 0.483756
vt 0.439414 0.469303
vt 0.438288 0.469609
vt 0.438816 0.468636
vt 0.481011 0.481415
vt 0.478036 0.481974
vt 0.470776 0.480148
vt 0.475604 0.478474
vt 0.468635 0.478715
vt 0.502605 0.484329
vt 0.495902 0.481099
vt 0.495498 0.482363
vt 0.492180 0.482116
vt 0.502926 0.483267
vt 0.499554 0.482966
vt 0.461159 0.477653
vt 0.459861 0.476488
vt 0.440943 0.468888
vt 0.439883 0.466669
vt 0.440611 0.470644
vt 0.440568 0.472128
vt 0.438272 0.470991
vt 0.456082 0.474540
vt 0.451977 0.472424
vt 0.449079 0.472289
vt 0.445458 0.472121
vt 0.441391 0.460979
vt 0.438394 0.460835
vt 0.437667 0.466681
vt 0.433493 0.467020
vt 0.431886 0.469149
vt 0.429640 0.469285
vt 0.427403 0.469166
vt 0.419659 0.468753
vt 0.414109 0.468458
vt 0.442771 0.469806
vt 0.438727 0.463704
vt 0.438321 0.466695
vt 0.439706 0.463382
vt 0.436988 0.469239
vt 0.438159 0.467890
vt 0.433917 0.468365
vt 0.434081 0.472576
vt 0.432528 0.470350
vt 0.430798 0.471564
vt 0.432369 0.472833
vt 0.432326 0.474136
vt 0.431463 0.474914
vt 0.434765 0.474768
vt 0.433109 0.473430
vt 0.435656 0.475839
vt 0.430556 0.475956
vt 0.429858 0.471187
vt 0.447275 0.473020
vt 0.451102 0.475486
vt 0.451474 0.474183
vt 0.454918 0.474761
vt 0.458315 0.477473
vt 0.448643 0.473697
vt 0.443019 0.473341
vt 0.442871 0.471238
vt 0.446034 0.473532
vt 0.427490 0.471625
vt 0.427471 0.471097
vt 0.412113 0.467317
vt 0.321025 0.499696
vt 0.319791 0.502770
vt 0.418808 0.470163
vt 0.394294 0.464311
vt 0.396073 0.464461
vt 0.400843 0.465514
vt 0.404998 0.466691
vt 0.424433 0.470983
vt 0.420689 0.470847
vt 0.412167 0.468435
vt 0.407099 0.466034
vt 0.403920 0.464897
vt 0.394294 0.462614
vt 0.394294 0.460909
vt 0.407352 0.467646
vt 0.414068 0.470230
vt 0.412224 0.469623
vt 0.409214 0.468401
vt 0.417989 0.471521
vt 0.421607 0.472713
vt 0.328238 0.502119
vt 0.326893 0.499748
vt 0.328226 0.506211
vt 0.330336 0.516893
vt 0.325555 0.516441
vt 0.327452 0.513770
vt 0.358325 0.502619
vt 0.371981 0.516275
vt 0.369219 0.519294
vt 0.394294 0.485945
vt 0.398044 0.505825
vt 0.394294 0.506521
vt 0.394294 0.494445
vt 0.394294 0.588136
vt 0.381159 0.578649
vt 0.376803 0.563369
vt 0.371401 0.563546
vt 0.370246 0.557975
vt 0.370989 0.552859
vt 0.367238 0.538479
vt 0.363973 0.524849
vt 0.367716 0.519294
vt 0.382732 0.519294
vt 0.394294 0.544429
vt 0.355706 0.599472
vt 0.358662 0.594096
vt 0.376664 0.598979
vt 0.374619 0.608230
vt 0.317737 0.504818
vt 0.314181 0.508362
vt 0.311820 0.510714
vt 0.308380 0.514815
vt 0.397323 0.615632
vt 0.388335 0.621359
vt 0.394294 0.605886
vt 0.331872 0.583400
vt 0.337110 0.569310
vt 0.323205 0.519010
vt 0.328506 0.524782
vt 0.326065 0.533068
vt 0.366371 0.580074
vt 0.350445 0.589788
vt 0.352270 0.581434
vt 0.344748 0.582159
vt 0.347694 0.587495
vt 0.348949 0.596635
vt 0.358147 0.533208
vt 0.364763 0.570910
vt 0.345382 0.547062
vt 0.329331 0.549121
vt 0.334290 0.531081
vt 0.375792 0.579166
vt 0.362052 0.555463
vt 0.359994 0.543734
vt 0.319772 0.518979
vt 0.334264 0.519106
vt 0.333818 0.517223
vt 0.319532 0.518977
vt 0.319318 0.515850
vt 0.323622 0.513021
vt 0.342662 0.526466
vt 0.349419 0.536204
vt 0.343747 0.534284
vt 0.315996 0.511531
vt 0.314115 0.515358
vt 0.323738 0.502466
vt 0.319701 0.507193
vt 0.324179 0.499724
vt 0.330807 0.519076
vt 0.410958 0.601289
vt 0.402771 0.603893
vt 0.394294 0.636349
vt 0.400864 0.638825
vt 0.405128 0.640431
vt 0.411154 0.642702
vt 0.573118 0.622132
vt 0.582446 0.627211
vt 0.580638 0.649687
vt 0.424138 0.611692
vt 0.429456 0.632182
vt 0.425337 0.632504
vt 0.419823 0.635591
vt 0.412250 0.621514
vt 0.437509 0.663210
vt 0.441766 0.675972
vt 0.437235 0.682854
vt 0.446057 0.669454
vt 0.450336 0.660178
vt 0.454394 0.668693
vt 0.455913 0.648092
vt 0.449340 0.653491
vt 0.446242 0.637360
vt 0.441726 0.650729
vt 0.438044 0.634807
vt 0.401828 0.630125
vt 0.432770 0.644949
vt 0.433368 0.627035
vt 0.444776 0.684996
vt 0.443478 0.658306
vt 0.446134 0.656125
vt 0.426723 0.656576
vt 0.420961 0.653031
vt 0.425762 0.639884
vt 0.417464 0.617206
vt 0.422027 0.623383
vt 0.459144 0.668259
vt 0.457614 0.658712
vt 0.463057 0.664234
vt 0.466897 0.660282
vt 0.471366 0.667535
vt 0.469442 0.673957
vt 0.466765 0.671970
vt 0.466636 0.683319
vt 0.476060 0.682661
vt 0.474626 0.687713
vt 0.485009 0.706192
vt 0.483502 0.698228
vt 0.489152 0.690635
vt 0.495017 0.696249
vt 0.502059 0.689253
vt 0.501905 0.696538
vt 0.446182 0.647715
vt 0.450308 0.641872
vt 0.477923 0.689526
vt 0.479581 0.687368
vt 0.482227 0.691493
vt 0.478324 0.705184
vt 0.492945 0.686336
vt 0.501775 0.702717
vt 0.480496 0.682351
vt 0.398391 0.632964
vt 0.397531 0.605125
vt 0.417313 0.606304
vt 0.396312 0.626541
vt 0.478984 0.686569
vt 0.386468 0.592950
vt 0.383280 0.616520
vt 0.385508 0.602444
vt 0.379251 0.622737
vt 0.383127 0.634880
vt 0.355706 0.652049
vt 0.332348 0.630062
vt 0.364973 0.659941
vt 0.501186 0.730706
vt 0.504145 0.724720
vt 0.504793 0.730706
vt 0.500775 0.584143
vt 0.514229 0.547783
vt 0.514238 0.704305
vt 0.511740 0.687006
vt 0.499982 0.519294
vt 0.515208 0.519294
vt 0.262828 0.647144
vt 0.257932 0.597811
vt 0.223146 0.651861
vt 0.246945 0.662732
vt 0.435426 0.149289
vt 0.450304 0.111421
vt 0.449464 0.102623
vt 0.490905 0.095933
vt 0.493193 0.101500
vt 0.494327 0.104259
vt 0.496468 0.109466
vt 0.004967 0.727758
vt 0.004994 0.719872
vt 0.006853 0.720891
vt 0.007229 0.727758
vt 0.425373 0.153895
vt 0.005080 0.694089
vt 0.002653 0.695581
vt 0.019020 0.682608
vt 0.012090 0.675278
vt 0.012533 0.627321
vt 0.011652 0.727758
vt 0.011706 0.721259
vt 0.014104 0.722441
vt 0.013976 0.727758
vt -0.000275 0.727758
vt -0.000275 0.714556
vt 0.000762 0.716369
vt -0.000275 0.692451
vt -0.000275 0.636836
vt 0.439718 0.118441
vt 0.442555 0.111431
vt 0.437850 0.132204
vt 0.012439 0.562004
vt 0.009716 0.602917
vt 0.019020 0.582570
vt 0.019020 0.608710
vt 0.058095 0.586188
vt 0.176276 0.748429
vt 0.169443 0.742184
vt 0.099438 0.712632
vt 0.110122 0.728556
vt 0.137574 0.748090
vt 0.137673 0.742628
vt 0.147432 0.748177
vt 0.394294 0.906263
vt 0.407744 0.916473
vt 0.408219 0.927631
vt 0.394294 0.926607
vt 0.456709 0.828141
vt 0.430969 0.831097
vt 0.427964 0.824548
vt 0.425734 0.819688
vt 0.423822 0.815520
vt 0.421342 0.810114
vt 0.422125 0.802401
vt 0.422761 0.796134
vt 0.441342 0.730706
vt 0.438334 0.745368
vt 0.435862 0.739669
vt 0.437472 0.730706
vt 0.405428 0.834030
vt 0.403361 0.839823
vt 0.413481 0.843239
vt 0.409520 0.854652
vt 0.405945 0.864951
vt 0.403001 0.869249
vt 0.400142 0.873424
vt 0.397221 0.877689
vt 0.394294 0.881962
vt 0.394294 0.835309
vt 0.420071 0.800372
vt 0.421046 0.794517
vt 0.420855 0.769294
vt 0.421655 0.780558
vt 0.418858 0.774904
vt 0.418232 0.769294
vt 0.433247 0.837136
vt 0.424929 0.841667
vt 0.422650 0.839675
vt 0.428016 0.836741
vt 0.427235 0.831526
vt 0.121978 0.728660
vt 0.137587 0.720683
vt 0.135767 0.728780
vt 0.157774 0.741693
vt 0.162452 0.740635
vt 0.145828 0.728868
vt 0.143913 0.721723
vt 0.141554 0.735787
vt 0.134798 0.733327
vt 0.139687 0.739078
vt 0.136107 0.737563
vt 0.120727 0.733972
vt 0.110478 0.720993
vt 0.157323 0.748263
vt 0.149943 0.742927
vt 0.153033 0.739967
vt 0.169661 0.748371
vt 0.163487 0.748317
vt 0.153716 0.732352
vt 0.398552 0.882368
vt 0.394294 0.886115
vt 0.399759 0.886612
vt 0.407598 0.885230
vt 0.403242 0.892116
vt 0.426802 0.930939
vt 0.428162 0.926081
vt 0.434081 0.928481
vt 0.441752 0.877574
vt 0.437438 0.892972
vt 0.419887 0.894500
vt 0.411271 0.880355
vt 0.423384 0.864280
vt 0.435783 0.873254
vt 0.405369 0.880935
vt 0.404555 0.874056
vt 0.409151 0.871559
vt 0.411779 0.870131
vt 0.418258 0.860366
vt 0.423722 0.859331
vt 0.403088 0.883243
vt 0.412349 0.896538
vt 0.405342 0.903477
vt 0.398746 0.889108
vt 0.394294 0.889992
vt 0.399551 0.897952
vt 0.396405 0.894873
vt 0.408621 0.937078
vt 0.413483 0.930319
vt 0.453918 0.837364
vt 0.448263 0.856053
vt 0.443379 0.872196
vt 0.438703 0.870754
vt 0.434465 0.862532
vt 0.429609 0.858544
vt 0.433976 0.857961
vt 0.436048 0.848523
vt 0.423894 0.856809
vt 0.425522 0.857752
vt 0.394294 0.893862
vt 0.401554 0.878211
vt 0.404352 0.869763
vt 0.402980 0.873906
vt 0.417258 0.834704
vt 0.421293 0.832208
vt 0.410573 0.833439
vt 0.411018 0.838837
vt 0.412531 0.855777
vt 0.416439 0.857216
vt 0.408867 0.867889
vt 0.410276 0.838474
vt 0.420545 0.837662
vt 0.419760 0.841255
vt 0.416801 0.841664
vt 0.408676 0.819974
vt 0.412064 0.822082
vt 0.420219 0.837502
vt 0.418240 0.848562
vt 0.424490 0.848087
vt 0.394294 0.900074
vt 0.418535 0.792149
vt 0.417131 0.801446
vt 0.414424 0.796722
vt 0.416239 0.789984
vt 0.415412 0.769294
vt 0.416094 0.774284
vt 0.413863 0.776619
vt 0.412561 0.769294
vt 0.418416 0.826037
vt 0.418701 0.808592
vt 0.416205 0.807582
vt 0.411788 0.806505
vt 0.415419 0.785371
vt 0.409401 0.816837
vt 0.394294 0.769294
vt 0.406786 0.769294
vt 0.424225 0.822571
vt 0.413552 0.816872
vt 0.422292 0.817679
vt 0.422175 0.787875
vt 0.422415 0.791253
vt 0.419900 0.784245
vt 0.417688 0.785951
vt 0.501832 0.743944
vt 0.499785 0.741823
vt 0.407801 0.730706
vt 0.410152 0.747761
vt 0.406786 0.757095
vt 0.394294 0.730706
vt 0.405867 0.712434
vt 0.410271 0.717114
vt 0.412340 0.730706
vt 0.416936 0.690569
vt 0.424612 0.695169
vt 0.437726 0.714577
vt 0.455546 0.730706
vt 0.482085 0.730706
vt 0.470221 0.730706
vt 0.431549 0.769294
vt 0.430710 0.749668
vt 0.447719 0.769294
vt 0.430428 0.743317
vt 0.430215 0.730706
vt 0.413372 0.743672
vt 0.420377 0.730706
vt 0.414324 0.755633
vt 0.424944 0.737878
vt 0.429013 0.744267
vt 0.425615 0.730706
vt 0.422975 0.712107
vt 0.424380 0.702044
vt 0.418387 0.701152
vt 0.433853 0.715589
vt 0.419143 0.713617
vt 0.525966 0.893438
vt 0.505937 0.874555
vt 0.565385 0.769294
vt 0.569758 0.778962
vt 0.568526 0.779483
vt 0.560038 0.769294
vt 0.582944 0.779542
vt 0.576821 0.775968
vt 0.586111 0.769294
vt 0.599349 0.779842
vt 0.602013 0.843021
vt 0.530475 0.797303
vt 0.555903 0.788696
vt 0.571736 0.783336
vt 0.465418 0.788350
vt 0.465486 0.791331
vt 0.447298 0.785124
vt 0.490571 0.797151
vt 0.491323 0.800539
vt 0.511822 0.797232
vt 0.517418 0.730706
vt 0.520874 0.735621
vt 0.516743 0.732433
vt 0.515951 0.718526
vt 0.558532 0.656523
vt 0.548177 0.662609
vt 0.544527 0.686132
vt 0.506753 0.694868
vt 0.508573 0.715765
vt 0.510401 0.730706
vt 0.511409 0.751304
vt 0.517188 0.769294
vt 0.525043 0.741550
vt 0.525477 0.786766
vt 0.513666 0.787642
vt 0.458705 0.769294
vt 0.461969 0.778557
vt 0.455201 0.774158
vt 0.457121 0.749946
vt 0.481745 0.769294
vt 0.469572 0.783500
vt 0.486757 0.785114
vt 0.539151 0.769294
vt 0.533933 0.786139
vt 0.498698 0.779038
vt 0.495599 0.785945
vt 0.539188 0.758647
vt 0.544102 0.760585
vt 0.550757 0.763210
vt 0.554857 0.765898
vt 0.532779 0.750901
vt 0.485328 0.743607
vt 0.481968 0.744047
vt 0.502400 0.755568
vt 0.503070 0.769294
vt 0.469235 0.750869
vt 0.474044 0.743324
vt 0.556809 0.784443
vt 0.552506 0.784762
vt 0.541855 0.757611
vt 0.547895 0.760117
vt 0.550233 0.759829
vt 0.498634 0.750959
vt 0.492488 0.743438
vt 0.491786 0.769294
vt 0.495941 0.769294
vt 0.509541 0.733248
vt 0.511253 0.734165
vt 0.515233 0.736297
vt 0.527754 0.739328
vt 0.531124 0.744458
vt 0.529449 0.737939
vt 0.524928 0.735221
vt 0.539341 0.756011
vt 0.539434 0.754401
vt 0.544590 0.756548
vt 0.544337 0.758641
vt 0.533596 0.748207
vt 0.537439 0.754103
vt 0.513269 0.730706
vt 0.515358 0.730706
vt 0.510372 0.699430
vt 0.524975 0.737831
vt 0.534290 0.745919
vt 0.549927 0.757852
vt 0.552260 0.759579
vt 0.554238 0.761043
vt 0.559595 0.765008
vt 0.557324 0.765434
vt 0.553142 0.761725
vt 0.019020 0.747052
vt 0.017151 0.745184
vt 0.018381 0.733712
vt 0.019020 0.727758
vt 0.040955 0.727950
vt 0.047497 0.733466
vt 0.038391 0.741472
vt 0.039556 0.747232
vt 0.019020 0.703770
vt 0.016146 0.717330
vt 0.013996 0.715834
vt 0.011764 0.714282
vt 0.005039 0.706456
vt 0.001776 0.705225
vt -0.000275 0.703447
vt 0.445420 0.104349
vt 0.007013 0.693154
vt 0.014044 0.742076
vt 0.015491 0.736744
vt 0.017251 0.730260
vt 0.459319 0.083988
vt 0.452868 0.083918
vt 0.448825 0.081614
vt 0.025933 0.720185
vt 0.019020 0.719128
vt 0.017079 0.727758
vt 0.017948 0.717150
vt 0.007012 0.706541
vt 0.448825 0.088011
vt 0.453372 0.088433
vt 0.448825 0.091833
vt 0.016274 0.723510
vt 0.013130 0.736606
vt 0.062107 0.708239
vt 0.054464 0.695113
vt 0.042779 0.705381
vt 0.049794 0.728028
vt 0.043607 0.676464
vt 0.415999 0.980706
vt 0.414731 0.976641
vt 0.422503 0.980706
vt 0.428848 0.854836
vt 0.424221 0.852022
vt 0.427107 0.856363
vt 0.424042 0.854641
vt 0.511980 0.093448
vt 0.508188 0.091235
vt 0.501283 0.098603
vt 0.497219 0.095933
vt 0.411706 0.980706
vt 0.501887 0.105756
vt 0.464395 0.086260
vt 0.473115 0.091468
vt 0.478075 0.091278
vt 0.481252 0.086804
vt 0.486041 0.086659
vt 0.488610 0.091557
vt 0.499460 0.102715
vt 0.467499 0.084783
vt 0.475278 0.088350
vt 0.478732 0.083829
vt 0.481899 0.076639
vt 0.483202 0.078688
vt 0.480498 0.078808
vt 0.477370 0.076639
vt 0.468503 0.079380
vt 0.470789 0.076639
vt 0.487352 0.076639
vt 0.426979 0.980706
vt 0.427161 0.974664
vt 0.432367 0.980706
vt 0.548155 0.085253
vt 0.546836 0.082674
vt 0.551236 0.084052
vt 0.494198 0.080489
vt 0.487752 0.081486
vt 0.490439 0.089654
vt 0.493148 0.086836
vt 0.488470 0.084350
vt 0.491764 0.093215
vt 0.467554 0.084483
vt 0.478441 0.078899
vt 0.482072 0.079921
vt 0.474711 0.082080
vt 0.468015 0.082008
vt 0.465273 0.082669
vt 0.467986 0.082162
vt 0.492454 0.091034
vt 0.493902 0.095933
vt 0.496613 0.100275
vt 0.495241 0.098668
vt 0.532273 0.095933
vt 0.548593 0.086108
vt 0.556311 0.087790
vt 0.549289 0.095933
vt 0.522463 0.106951
vt 0.519373 0.101483
vt 0.524718 0.095933
vt 0.550550 0.077229
vt 0.548982 0.103594
vt 0.560764 0.076639
vt 0.555384 0.085013
vt 0.555484 0.080746
vt 0.552170 0.080362
vt 0.487273 0.910519
vt 0.507370 0.910860
vt 0.509682 0.918920
vt 0.512771 0.930150
vt 0.515564 0.940308
vt 0.513540 0.947845
vt 0.512837 0.950465
vt 0.511454 0.955615
vt 0.493732 0.950449
vt 0.466190 0.942420
vt 0.456466 0.920922
vt 0.462427 0.918909
vt 0.469092 0.916659
vt 0.475392 0.914531
vt 0.568679 0.095933
vt 0.559955 0.095933
vt 0.563360 0.076639
vt 0.559243 0.084390
vt 0.504916 0.980706
vt 0.507180 0.977522
vt 0.508185 0.976108
vt 0.513479 0.968662
vt 0.517911 0.962428
vt 0.520241 0.959150
vt 0.537800 0.088798
vt 0.555650 0.078854
vt 0.556917 0.076861
vt 0.605706 0.944354
vt 0.605706 0.929375
vt 0.618706 0.895504
vt 0.612242 0.912077
vt 0.605706 0.900713
vt 0.616207 0.916669
vt 0.611890 0.917895
vt 0.610178 0.929324
vt 0.617427 0.929240
vt 0.605706 0.914517
vt 0.608341 0.916414
vt 0.607841 0.921193
vt 0.605706 0.920417
vt 0.611607 0.922563
vt 0.609390 0.921757
vt 0.619071 0.915373
vt 0.621104 0.905737
vt 0.623391 0.906267
vt 0.625000 0.906117
vt 0.619693 0.929214
vt 0.513780 0.963502
vt 0.510020 0.965231
vt 0.510603 0.961322
vt 0.514775 0.961569
vt 0.516642 0.948157
vt 0.507899 0.961115
vt 0.495237 0.980706
vt 0.501518 0.977076
vt 0.501270 0.980706
vt 0.517704 0.955885
vt 0.517120 0.951633
vt 0.519389 0.952614
vt 0.507556 0.975582
vt 0.511314 0.968287
vt 0.513098 0.968344
vt 0.505128 0.976566
vt 0.506744 0.977158
vt 0.505211 0.974942
vt 0.508131 0.969044
vt 0.517738 0.962284
vt 0.519781 0.956625
vt 0.516225 0.958756
vt 0.512040 0.966879
vt 0.499169 0.974623
vt 0.502132 0.972779
vt 0.502961 0.974342
vt 0.503284 0.978963
vt 0.503453 0.975958
vt 0.503891 0.967317
vt 0.504596 0.971245
vt 0.501389 0.971188
vt 0.506164 0.963800
vt 0.460903 0.951524
vt 0.455925 0.956692
vt 0.394294 0.967811
vt 0.394294 0.947242
vt 0.399233 0.946392
vt 0.394294 0.941916
vt 0.480583 0.963404
vt 0.498713 0.958719
vt 0.440739 0.926233
vt 0.447932 0.923804
vt 0.436314 0.924958
vt 0.512017 0.911556
vt 0.491507 0.909090
vt 0.508410 0.908380
vt 0.511452 0.902355
vt 0.518299 0.900043
vt 0.481158 0.906094
vt 0.477204 0.909446
vt 0.476803 0.906028
vt 0.478258 0.903995
vt 0.476406 0.902655
vt 0.474557 0.903773
vt 0.464615 0.899608
vt 0.460710 0.893214
vt 0.462059 0.892271
vt 0.466630 0.898147
vt 0.464774 0.915579
vt 0.468807 0.912269
vt 0.473188 0.908673
vt 0.473737 0.912386
vt 0.394294 0.934329
vt 0.408323 0.930078
vt 0.396935 0.936915
vt 0.414185 0.927731
vt 0.423538 0.928462
vt 0.518640 0.896116
vt 0.514112 0.897770
vt 0.486948 0.880662
vt 0.486649 0.907683
vt 0.483889 0.908070
vt 0.465300 0.887624
vt 0.460283 0.886045
vt 0.455506 0.876359
vt 0.448262 0.873872
vt 0.486751 0.906175
vt 0.480400 0.903887
vt 0.479805 0.900705
vt 0.473060 0.900233
vt 0.465273 0.891717
vt 0.603254 0.848727
vt 0.602543 0.845456
vt 0.584370 0.877059
vt 0.593559 0.863272
vt 0.597326 0.857620
vt 0.601750 0.845790
vt 0.599413 0.846775
vt 0.597316 0.840442
vt 0.582526 0.860957
vt 0.591827 0.857645
vt 0.599003 0.855105
vt 0.600249 0.853235
vt 0.595479 0.856345
vt 0.599998 0.851297
vt 0.602313 0.848249
vt 0.599325 0.846988
vt 0.545555 0.936455
vt 0.563364 0.944351
vt 0.558745 0.945192
vt 0.558597 0.943363
vt 0.561378 0.943470
vt 0.580858 0.950666
vt 0.576019 0.949210
vt 0.578243 0.947954
vt 0.575039 0.950759
vt 0.580350 0.952130
vt 0.583452 0.954758
vt 0.576889 0.949774
vt 0.569937 0.945684
vt 0.591347 0.953481
vt 0.587485 0.953941
vt 0.586770 0.952253
vt 0.587190 0.949044
vt 0.580921 0.946237
vt 0.583769 0.953228
vt 0.574229 0.945016
vt 0.551235 0.942965
vt 0.567646 0.943690
vt 0.566139 0.941763
vt 0.551965 0.941120
vt 0.575498 0.945108
vt 0.577625 0.944760
vt 0.076596 0.747556
vt 0.074971 0.743511
vt 0.079318 0.743534
vt 0.085126 0.745051
vt 0.099840 0.747760
vt 0.098617 0.744269
vt 0.105175 0.747807
vt 0.394294 0.929957
vt 0.394294 0.936956
vt 0.072313 0.747519
vt 0.070733 0.743889
vt 0.103110 0.743901
vt 0.096137 0.738991
vt 0.087996 0.736090
vt 0.082345 0.739537
vt 0.077551 0.738678
vt 0.394294 0.944553
vt 0.078282 0.740688
vt 0.088511 0.737974
vt 0.083123 0.743585
vt 0.085464 0.741147
vt 0.093485 0.740484
vt 0.088682 0.742642
vt 0.092204 0.742403
vt 0.088686 0.744347
vt 0.090557 0.744871
vt 0.092492 0.744633
vt 0.092706 0.746290
vt 0.092878 0.747699
vt 0.042442 0.744656
vt 0.048638 0.737355
vt 0.063759 0.738047
vt 0.056980 0.733282
vt 0.394294 0.980706
vt 0.424998 0.926647
vt 0.428867 0.923567
vt 0.455706 0.887673
vt 0.458145 0.892159
vt 0.453833 0.889218
vt 0.462697 0.888462
vt 0.458611 0.889776
vt 0.478678 0.911250
vt 0.457764 0.887905
vt 0.474695 0.906606
vt 0.470152 0.907408
vt 0.463450 0.913352
vt 0.457156 0.915472
vt 0.458614 0.917773
vt 0.443268 0.922718
vt 0.450765 0.917557
vt 0.436260 0.922290
vt 0.462807 0.900734
vt 0.469200 0.900793
vt 0.461402 0.898149
vt 0.443860 0.922527
vt 0.442819 0.874047
vt 0.447365 0.875508
vt 0.449126 0.878067
vt 0.445312 0.878729
vt 0.449027 0.882839
vt 0.427059 0.858885
vt 0.429723 0.860958
vt 0.426127 0.860332
vt 0.432057 0.862774
vt 0.447971 0.884833
vt 0.451353 0.899113
vt 0.429298 0.863295
vt 0.432476 0.868176
vt 0.434302 0.867222
vt 0.436842 0.872254
vt 0.453151 0.877367
vt 0.455840 0.883509
vt 0.452464 0.885327
vt 0.451163 0.880006
vt 0.453057 0.883236
vt 0.454153 0.884418
vt 0.434023 0.905163
vt 0.418534 0.911260
vt 0.870512 0.718809
vt 0.855569 0.687945
vt 0.943171 0.646293
vt 0.956541 0.635852
vt 0.961955 0.583640
vt 0.822218 0.692596
vt 1.011775 0.684701
vt 0.655372 0.127913
vt 0.656040 0.153990
vt 0.648435 0.169105
vt 0.645230 0.154463
vt 0.655593 0.136544
vt 0.846451 0.730706
vt 0.830505 0.730706
vt 1.016379 0.532877
vt 1.013849 0.519294
vt 1.032564 0.519294
vt 1.032564 0.535867
vt 1.023081 0.527252
vt 0.967804 0.519294
vt 0.984638 0.519294
vt 0.625000 0.287457
vt 0.625000 0.279484
vt 0.616431 0.269294
vt 0.625000 0.269294
vt 0.620511 0.230706
vt 0.633972 0.208531
vt 0.637990 0.198602
vt 0.629275 0.220141
vt 0.644210 0.183228
vt 0.637384 0.194815
vt 0.639837 0.186190
vt 0.628292 0.174885
vt 0.650285 0.168215
vt 1.032564 0.593771
vt 1.032564 0.569655
vt 0.980489 0.573042
vt 0.648288 0.134702
vt 0.551763 0.674233
vt 0.573340 0.665984
vt 0.561779 0.679330
vt 0.580741 0.663159
vt 0.579564 0.678432
vt 0.605706 0.675821
vt 0.599810 0.660265
vt 0.605706 0.659371
vt 0.554096 0.688198
vt 0.576469 0.686805
vt 0.577086 0.697937
vt 0.553279 0.696610
vt 0.583347 0.670235
vt 0.582282 0.683866
vt 0.599088 0.667545
vt 0.605706 0.685164
vt 0.599212 0.717719
vt 0.597471 0.730706
vt 0.600053 0.650259
vt 0.605706 0.647649
vt 0.574808 0.675751
vt 0.676515 0.658958
vt 0.622539 0.660625
vt 0.625645 0.669592
vt 0.628878 0.677109
vt 0.668961 0.661646
vt 0.644294 0.652737
vt 0.605706 0.711179
vt 0.674869 0.667898
vt 0.618613 0.649787
vt 0.632691 0.651404
vt 0.634258 0.661499
vt 0.630967 0.668285
vt 0.644294 0.662247
vt 0.640182 0.670634
vt 0.644294 0.671682
vt 0.587811 0.555490
vt 0.584721 0.596795
vt 0.621487 0.552577
vt 0.605706 0.554888
vt 0.618956 0.519294
vt 0.605706 0.587546
vt 0.591594 0.611610
vt 0.594986 0.519294
vt 0.584118 0.519294
vt 0.583443 0.513700
vt 0.621408 0.420180
vt 0.619116 0.425535
vt 0.625000 0.426232
vt 0.625000 0.430845
vt 0.623766 0.441652
vt 0.621849 0.439035
vt 0.622609 0.442787
vt 0.625000 0.454599
vt 0.625000 0.470445
vt 0.616568 0.474929
vt 0.625000 0.419652
vt 0.625000 0.409094
vt 0.775814 0.519294
vt 0.798687 0.525344
vt 0.803229 0.562833
vt 0.737484 0.540817
vt 0.756423 0.519294
vt 0.744338 0.519294
vt 0.711756 0.521399
vt 0.715662 0.532392
vt 0.720021 0.523854
vt 0.719005 0.520665
vt 0.741261 0.528957
vt 0.826134 0.567646
vt 0.811045 0.550584
vt 0.820603 0.570100
vt 0.708031 0.519294
vt 0.715327 0.519294
vt 0.623713 0.444271
vt 0.625000 0.446001
vt 0.589017 0.442983
vt 0.612053 0.754560
vt 0.618862 0.730706
vt 0.625000 0.730706
vt 0.617815 0.737891
vt 0.605706 0.745956
vt 0.615508 0.730706
vt 0.629293 0.724494
vt 0.628997 0.690752
vt 0.640299 0.730706
vt 0.623281 0.721100
vt 0.692241 0.519294
vt 0.625000 0.480706
vt 0.595014 0.516607
vt 0.394294 0.513256
vt 0.411035 0.511491
vt 0.451375 0.530854
vt 0.472920 0.525730
vt 0.483981 0.621886
vt 0.429352 0.480706
vt 0.460229 0.480706
vt 0.625000 0.342693
vn 0.4726 0.1753 0.8637
vn 0.4709 0.1102 0.8753
vn 0.5425 0.1180 0.8317
vn 0.4350 0.8163 -0.3800
vn 0.4676 0.8222 -0.3245
vn 0.4758 0.8069 -0.3500
vn -0.6347 -0.1336 -0.7611
vn -0.6436 -0.0752 -0.7616
vn -0.6447 -0.0671 -0.7615
vn -0.8432 -0.0474 0.5355
vn -0.8321 -0.1688 0.5284
vn -0.8397 -0.1028 0.5332
vn -0.8431 -0.0502 0.5354
vn -0.8412 -0.3979 0.3662
vn -0.8539 -0.3802 0.3554
vn -0.8244 -0.4199 0.3796
vn -0.4244 -0.2077 0.8813
vn -0.4287 -0.2086 0.8791
vn -0.4298 -0.2088 0.8784
vn -0.4311 -0.2091 0.8778
vn 0.5620 -0.4572 -0.6892
vn -0.4551 0.3614 0.8138
vn 0.0585 0.9137 -0.4020
vn 0.0464 0.9117 -0.4083
vn 0.0301 0.9165 -0.3989
vn 0.9326 0.1817 -0.3117
vn 0.9500 0.1554 -0.2709
vn 0.9283 0.1842 -0.3231
vn 0.3447 0.6477 0.6795
vn 0.3705 0.5745 0.7298
vn 0.3503 0.6886 0.6349
vn -0.3458 -0.0128 0.9382
vn -0.3983 0.0732 0.9143
vn -0.3443 0.0638 0.9367
vn -0.0616 -0.9981 0.0017
vn 0.0000 -1.0000 0.0000
vn -0.0070 -0.9998 -0.0189
vn 0.7456 0.3517 -0.5660
vn -0.2216 -0.7372 -0.6383
vn -0.2643 -0.7203 -0.6414
vn -0.2782 -0.7244 -0.6307
vn -0.4139 0.2288 -0.8811
vn -0.4253 0.3195 -0.8468
vn -0.4147 0.2344 -0.8792
vn -0.5249 -0.4367 -0.7306
vn 0.5646 0.0812 0.8214
vn 0.5226 0.1034 0.8463
vn 0.0035 0.9232 -0.3842
vn 0.0011 0.9202 -0.3914
vn -0.9807 0.1276 0.1484
vn -0.9800 0.1445 0.1369
vn -0.9809 0.1113 0.1594
vn 0.5185 -0.7038 0.4856
vn 0.4833 -0.7130 0.5080
vn 0.5051 -0.7075 0.4943
vn -0.8114 0.3906 0.4348
vn -0.8415 0.3009 0.4486
vn -0.8333 0.3447 0.4321
vn 0.5281 0.6157 -0.5848
vn -0.2557 0.7419 -0.6199
vn -0.2718 0.7405 -0.6147
vn -0.2558 0.7419 -0.6198
vn -0.9768 0.0240 0.2126
vn -0.9735 0.0545 0.2219
vn -0.9658 0.0896 0.2433
vn -0.9729 0.0154 0.2305
vn -0.9623 0.0041 0.2721
vn -0.3927 0.6007 -0.6964
vn -0.4016 0.5648 -0.7209
vn -0.4028 0.5427 -0.7370
vn -0.3918 0.5659 -0.7254
vn -0.3921 0.5731 -0.7196
vn 0.8429 0.0102 -0.5380
vn 0.8432 0.0213 -0.5372
vn 0.8420 -0.0148 -0.5392
vn 0.8419 -0.0006 -0.5396
vn 0.7383 0.4305 -0.5193
vn 0.7298 0.4374 -0.5254
vn 0.7481 0.4302 -0.5052
vn -0.5241 0.6715 -0.5239
vn -0.7993 0.3904 0.4568
vn -0.8195 0.2769 0.5018
vn -0.8136 0.2491 0.5253
vn -0.7926 0.3985 0.4616
vn -0.8521 0.2959 0.4318
vn -0.8534 0.2667 0.4478
vn -0.9806 0.0866 0.1759
vn -0.3819 0.4660 -0.7981
vn -0.9538 0.1623 0.2528
vn -0.9662 0.0522 0.2526
vn -0.4451 0.4794 -0.7563
vn -0.4173 0.4795 -0.7720
vn -0.4034 0.4872 -0.7745
vn -0.3969 0.5376 -0.7439
vn -0.8501 0.3207 0.4177
vn -0.8471 0.3486 0.4011
vn 0.7818 0.0192 -0.6233
vn 0.7672 0.0568 -0.6389
vn 0.7630 0.0649 -0.6432
vn 0.7861 0.0172 -0.6179
vn -0.0902 0.4897 -0.8672
vn -0.8442 0.0000 0.5361
vn 0.1167 0.9656 0.2324
vn 0.1004 0.9350 0.3403
vn 0.1073 0.9666 0.2329
vn 0.2030 0.8821 0.4252
vn 0.1569 0.8935 0.4208
vn 0.1309 0.8921 0.4325
vn -0.8335 0.2514 0.4919
vn -0.8526 0.2768 0.4431
vn -0.9120 0.2067 0.3543
vn 0.0337 0.9906 -0.1324
vn 0.0558 0.9916 -0.1163
vn 0.0646 0.9889 -0.1340
vn -0.0430 0.9777 -0.2056
vn -0.0856 0.3648 -0.9271
vn -0.0799 0.3618 -0.9288
vn -0.0995 0.3720 -0.9229
vn -0.2565 0.9431 -0.2116
vn -0.3769 0.6829 -0.6258
vn -0.4544 0.6276 -0.6322
vn -0.4124 0.6232 -0.6645
vn -0.3808 0.6523 -0.6554
vn 0.7641 0.1095 -0.6357
vn 0.1056 0.8252 -0.5549
vn 0.1924 0.7853 -0.5885
vn 0.1778 0.7947 -0.5804
vn 0.5698 0.2454 -0.7843
vn 0.5866 0.2833 -0.7587
vn 0.5756 0.2584 -0.7758
vn -0.0423 0.2977 -0.9537
vn -0.5594 0.4984 -0.6623
vn -0.5486 0.5180 -0.6563
vn -0.5721 0.4899 -0.6578
vn -0.5699 0.4596 -0.6812
vn 0.8442 -0.0000 -0.5361
vn 0.8563 0.0121 -0.5164
vn 0.8436 0.0556 -0.5341
vn -0.7859 0.1905 0.5883
vn -0.7812 0.1369 0.6091
vn -0.7846 0.1505 0.6014
vn -0.8024 0.1555 0.5761
vn -0.8024 0.0710 0.5925
vn -0.7427 0.1662 0.6486
vn -0.6925 0.4477 0.5657
vn -0.6431 0.4230 0.6383
vn -0.6187 0.4150 0.6671
vn -0.4130 0.0934 0.9059
vn -0.4198 0.1002 0.9021
vn -0.4377 0.1183 0.8913
vn -0.4591 0.1402 0.8772
vn 0.9909 -0.0849 0.1041
vn 0.9904 -0.0766 0.1152
vn 0.9925 -0.0821 0.0906
vn 0.9924 -0.1045 0.0656
vn 0.6725 -0.0403 0.7390
vn 0.4755 0.4924 -0.7290
vn 0.5061 0.4574 -0.7312
vn 0.4568 0.5389 -0.7077
vn -0.8705 -0.0388 0.4907
vn -0.8334 -0.0536 0.5500
vn -0.8165 -0.0755 0.5724
vn -0.7994 -0.0986 0.5927
vn -0.1178 0.2401 0.9636
vn -0.0477 0.3315 0.9422
vn -0.0689 0.3044 0.9501
vn 0.8962 -0.0056 -0.4437
vn 0.9229 -0.0006 -0.3849
vn 0.9003 -0.0283 -0.4344
vn 0.4140 0.0167 0.9101
vn 0.4767 -0.0014 0.8790
vn 0.4330 -0.0100 0.9013
vn 0.4207 0.0385 0.9064
vn 0.0274 0.9308 0.3645
vn 0.1309 0.9005 0.4146
vn 0.1713 0.8922 0.4179
vn 0.3405 0.5179 0.7848
vn 0.3385 0.5447 0.7672
vn 0.3938 0.5941 0.7014
vn 0.3864 0.5172 0.7637
vn 0.2795 0.0400 -0.9593
vn -0.1144 0.9929 -0.0329
vn -0.1552 0.9874 -0.0320
vn -0.0985 0.9943 -0.0395
vn 0.6342 0.7625 0.1280
vn -0.6293 0.6699 -0.3941
vn -0.5923 0.6967 -0.4047
vn -0.5302 0.7401 -0.4136
vn -0.5387 0.7532 -0.3776
vn -0.5338 0.7573 -0.3763
vn 0.0933 0.9949 -0.0385
vn 0.1205 0.9927 0.0065
vn 0.1016 0.9944 -0.0278
vn 0.5945 0.7014 -0.3932
vn 0.5382 0.7350 -0.4124
vn 0.5388 0.7347 -0.4122
vn 0.1551 0.9795 0.1285
vn 0.1514 0.9838 0.0964
vn -0.1001 0.9947 -0.0228
vn -0.0921 0.9954 -0.0274
vn -0.0859 0.9958 -0.0325
vn -0.0864 0.9958 -0.0307
vn 0.1427 0.9894 0.0251
vn -0.3838 0.9066 -0.1752
vn -0.4307 0.8903 -0.1481
vn -0.3981 0.8983 -0.1858
vn 0.1721 -0.0335 -0.9845
vn 0.1123 0.6649 -0.7385
vn 0.1605 0.6157 -0.7715
vn 0.0448 0.7035 -0.7092
vn 0.0200 0.0163 -0.9997
vn -0.0698 0.3547 -0.9324
vn -0.1236 0.3508 -0.9283
vn -0.1459 0.3488 -0.9258
vn 0.0568 0.8557 -0.5143
vn -0.0324 0.8817 -0.4707
vn -0.0808 0.9036 -0.4207
vn 0.2473 0.3661 -0.8971
vn 0.1930 0.4708 -0.8609
vn 0.2760 0.4093 -0.8697
vn 0.2409 0.3407 -0.9088
vn 0.2097 0.5193 -0.8285
vn -0.0963 0.9183 -0.3840
vn -0.0953 0.9173 -0.3865
vn -0.0596 0.8382 -0.5422
vn -0.0083 0.7944 -0.6074
vn 0.0003 0.7625 -0.6469
vn -0.0547 0.8293 -0.5561
vn 0.0387 0.5897 -0.8067
vn 0.0280 0.7591 -0.6504
vn -0.0160 0.7527 -0.6582
vn 0.0199 0.0163 -0.9997
vn 0.2168 0.3510 -0.9109
vn 0.0817 0.8929 -0.4428
vn 0.0004 0.9188 -0.3948
vn -0.0965 0.8516 -0.5152
vn -0.0964 0.8516 -0.5152
vn 0.1466 0.4034 -0.9032
vn 0.2957 0.1629 -0.9413
vn 0.2814 0.1675 -0.9449
vn 0.2983 0.1620 -0.9406
vn 0.4996 0.4384 -0.7471
vn -0.5142 0.7045 -0.4892
vn -0.3973 0.5719 -0.7177
vn 0.5234 0.6416 -0.5607
vn -0.3833 0.9093 -0.1622
vn -0.3725 0.9052 -0.2045
vn 0.1802 0.4447 -0.8774
vn 0.2099 0.5915 -0.7785
vn 0.0902 0.6360 -0.7664
vn 0.0965 0.6327 -0.7684
vn 0.0642 0.6571 -0.7510
vn 0.5516 0.4001 -0.7319
vn 0.0972 0.6094 -0.7868
vn 0.1496 0.5544 -0.8187
vn -0.0140 0.7134 -0.7006
vn -0.6699 0.6268 -0.3980
vn 0.3115 0.5758 -0.7560
vn 0.1838 0.1448 -0.9723
vn 0.1578 0.1419 -0.9772
vn 0.2898 0.1556 -0.9444
vn -0.0109 0.9208 -0.3900
vn -0.4993 0.7850 -0.3667
vn 0.3116 0.1577 -0.9370
vn -0.2611 0.9650 -0.0221
vn -0.7206 0.6850 -0.1071
vn -0.6058 0.7575 -0.2433
vn 0.1707 0.7089 -0.6844
vn 0.1188 0.7222 -0.6814
vn 0.1277 0.7201 -0.6820
vn 0.1959 0.7016 -0.6851
vn -0.5863 0.7961 -0.1501
vn -0.6338 0.7603 -0.1422
vn -0.5794 0.8009 -0.1512
vn -0.5089 0.8456 -0.1613
vn 0.1036 0.8948 -0.4343
vn -0.2863 0.8253 -0.4867
vn -0.1665 0.8163 -0.5531
vn -0.2340 0.5813 -0.7793
vn 0.7899 0.1780 -0.5868
vn 0.7893 0.2586 -0.5570
vn 0.7896 0.2425 -0.5637
vn 0.8350 0.4192 -0.3566
vn 0.8386 0.3887 -0.3817
vn 0.8402 0.3698 -0.3966
vn 0.1417 0.5759 -0.8051
vn 0.1074 0.6149 -0.7813
vn 0.1436 0.6035 -0.7844
vn 0.0728 0.8449 -0.5300
vn 0.0086 0.5163 -0.8564
vn 0.0075 0.5201 -0.8541
vn -0.0111 0.5180 -0.8553
vn 0.1800 0.5091 -0.8417
vn 0.1761 0.5183 -0.8369
vn 0.1191 0.7682 -0.6290
vn 0.1389 0.8184 -0.5576
vn 0.0317 0.8043 -0.5934
vn -0.1509 0.9411 -0.3027
vn -0.1388 0.9341 -0.3290
vn -0.1077 0.9169 -0.3842
vn -0.1110 0.9250 -0.3633
vn -0.1134 0.9308 -0.3474
vn 0.0693 0.8349 -0.5460
vn 0.1290 0.9477 -0.2919
vn -0.0304 0.8201 -0.5715
vn -0.0313 0.8168 -0.5761
vn 0.4909 0.7482 -0.4464
vn 0.7173 0.5171 -0.4670
vn 0.7275 0.4872 -0.4830
vn 0.0859 0.9107 -0.4041
vn 0.8120 0.2326 -0.5354
vn 0.8417 0.1486 -0.5190
vn 0.8316 0.1203 -0.5422
vn 0.8410 0.0513 -0.5385
vn 0.7920 0.0887 -0.6040
vn 0.8182 0.1038 -0.5654
vn 0.1441 0.9539 -0.2632
vn 0.1427 0.8550 -0.4987
vn -0.1276 0.9284 -0.3491
vn 0.4195 0.6469 -0.6368
vn -0.1726 0.7937 -0.5833
vn 0.7134 0.0534 -0.6987
vn 0.6431 0.0123 -0.7657
vn 0.6670 0.0611 -0.7425
vn 0.7664 0.1411 -0.6267
vn 0.5555 0.2150 -0.8032
vn -0.8440 -0.0033 0.5363
vn -0.8512 0.0195 0.5245
vn -0.9319 0.3458 -0.1096
vn -0.9388 0.3372 -0.0708
vn -0.9423 0.3316 -0.0463
vn -0.1693 0.9472 -0.2724
vn -0.8027 0.4229 0.4204
vn -0.8431 0.3559 0.4031
vn -0.6668 0.0382 0.7442
vn -0.5628 0.0427 0.8255
vn -0.6673 0.0446 0.7435
vn -0.7992 0.4542 0.3936
vn -0.8107 0.4051 0.4227
vn -0.8699 0.4493 0.2037
vn -0.8708 0.4377 0.2239
vn -0.8713 0.4182 0.2567
vn -0.8127 0.5818 0.0306
vn -0.7979 0.6002 0.0551
vn -0.8137 0.5810 0.0147
vn -0.4665 0.7198 -0.5141
vn -0.8291 0.5524 -0.0858
vn -0.8288 0.5566 -0.0567
vn -0.8289 0.5563 -0.0590
vn 0.7574 0.3869 -0.5261
vn 0.8240 0.0613 -0.5633
vn -0.8254 0.2366 0.5125
vn -0.8244 0.1243 0.5522
vn -0.8477 0.1765 0.5003
vn -0.8585 0.0041 0.5128
vn -0.8401 -0.0043 0.5424
vn -0.8586 0.0497 0.5103
vn -0.8538 0.0330 0.5196
vn -0.8270 -0.0432 0.5606
vn -0.8462 -0.0325 0.5319
vn -0.7767 -0.0443 0.6284
vn -0.7827 -0.0121 0.6223
vn -0.7960 -0.0213 0.6049
vn -0.8250 -0.0330 0.5642
vn -0.8498 0.0295 0.5262
vn -0.8224 0.0353 0.5678
vn -0.8457 0.0043 0.5337
vn -0.8307 -0.0656 0.5529
vn -0.8473 0.0182 0.5307
vn -0.8474 0.0181 0.5306
vn -0.5601 0.0756 0.8249
vn -0.8556 0.0048 0.5176
vn -0.8352 0.1349 0.5332
vn -0.8406 0.0809 0.5355
vn -0.8431 0.0410 0.5362
vn -0.8677 0.0807 0.4905
vn -0.8586 0.1384 0.4937
vn -0.8605 0.2172 0.4608
vn -0.8504 0.0029 0.5261
vn -0.8277 0.0542 0.5585
vn -0.7750 0.5111 0.3716
vn -0.9773 0.0418 0.2079
vn -0.8346 0.0064 0.5508
vn -0.8531 0.0713 0.5168
vn -0.8527 0.0969 0.5134
vn -0.8587 0.1233 0.4974
vn -0.8497 -0.0039 0.5273
vn -0.8392 -0.0126 0.5437
vn -0.8447 -0.1087 0.5241
vn -0.8759 -0.0116 0.4823
vn -0.8896 0.0000 0.4567
vn -0.8468 -0.0594 0.5285
vn -0.7968 -0.3938 0.4582
vn -0.7952 -0.3761 0.4757
vn -0.7937 -0.3535 0.4950
vn -0.7865 -0.3890 0.4796
vn -0.7876 -0.3678 0.4944
vn -0.8470 0.0074 0.5315
vn -0.8284 -0.1113 0.5490
vn -0.8328 -0.0865 0.5467
vn -0.8173 -0.1630 0.5527
vn -0.8324 -0.1378 0.5368
vn -0.8387 -0.1267 0.5296
vn -0.7914 -0.5999 0.1174
vn -0.7377 0.0881 0.6694
vn -0.7376 0.0878 0.6695
vn -0.7391 0.0916 0.6673
vn -0.8252 -0.0298 0.5640
vn -0.6888 0.0691 0.7216
vn -0.9612 -0.0846 0.2625
vn -0.9093 -0.2838 0.3045
vn -0.7477 -0.1878 0.6369
vn -0.8505 0.1938 0.4891
vn -0.9186 -0.2670 0.2913
vn -0.5784 0.2857 0.7641
vn -0.5782 0.2906 0.7624
vn -0.5783 0.2883 0.7632
vn -0.8273 -0.0508 0.5595
vn -0.8124 -0.0580 0.5802
vn -0.8456 -0.0483 0.5316
vn -0.8279 -0.1155 0.5488
vn -0.4548 0.0950 0.8855
vn -0.4559 0.1033 0.8840
vn -0.4498 0.0610 0.8910
vn -0.5781 0.2923 0.7618
vn -0.7819 -0.1061 0.6143
vn -0.8519 0.0228 0.5232
vn -0.8533 0.0332 0.5203
vn -0.8512 0.0237 0.5244
vn -0.8520 0.0278 0.5227
vn -0.8495 0.0192 0.5273
vn -0.8408 -0.0111 0.5412
vn -0.9047 0.0356 0.4246
vn -0.8602 -0.0366 0.5086
vn -0.8522 0.0159 0.5229
vn -0.7779 -0.0099 0.6283
vn -0.8772 -0.0754 0.4742
vn -0.6868 0.2289 0.6899
vn 0.4252 0.1637 0.8902
vn 0.4251 0.1711 0.8888
vn 0.5143 0.0936 0.8525
vn 0.3865 0.1516 0.9098
vn 0.3973 0.1562 0.9043
vn 0.4251 0.1690 0.8892
vn 0.3781 0.3028 0.8748
vn 0.3943 0.2336 0.8888
vn 0.3574 0.1891 0.9146
vn 0.3905 0.0607 0.9186
vn 0.3720 -0.0704 0.9256
vn 0.3125 -0.0649 0.9477
vn 0.3627 0.0053 0.9319
vn 0.3627 0.0043 0.9319
vn 0.3444 -0.0019 0.9388
vn 0.2437 -0.0293 0.9694
vn 0.2113 -0.0627 0.9754
vn 0.2079 0.0290 0.9777
vn -0.3642 0.1277 0.9225
vn -0.3702 0.1170 0.9215
vn -0.3766 0.0822 0.9227
vn -0.3745 0.1038 0.9214
vn -0.4291 0.0775 0.8999
vn -0.4078 0.1126 0.9061
vn -0.3535 0.1047 0.9296
vn -0.3664 0.1153 0.9233
vn -0.4402 0.0360 0.8972
vn -0.2132 0.0307 0.9765
vn -0.2165 0.0066 0.9763
vn -0.2197 -0.0185 0.9754
vn -0.4611 0.0590 0.8854
vn -0.4327 0.0451 0.9004
vn -0.4398 0.0290 0.8976
vn -0.4666 0.0541 0.8828
vn -0.4128 0.1005 0.9052
vn -0.4034 0.1084 0.9086
vn -0.3768 0.0153 0.9262
vn -0.4848 0.0264 0.8742
vn -0.4472 0.0093 0.8944
vn 0.0306 0.0237 0.9993
vn 0.4317 -0.0410 0.9011
vn 0.4517 -0.0285 0.8917
vn 0.5965 -0.1227 0.7932
vn 0.8767 -0.0198 0.4807
vn 0.1717 -0.1109 0.9789
vn 0.4546 0.1249 0.8819
vn 0.2127 -0.1651 0.9631
vn 0.0654 -0.1713 0.9830
vn 0.1033 -0.1442 0.9842
vn 0.5242 0.0911 0.8467
vn 0.5077 0.1008 0.8556
vn 0.2227 -0.0029 0.9749
vn 0.4800 0.0888 0.8728
vn 0.4274 0.1538 0.8909
vn 0.4644 0.0732 0.8826
vn 0.8473 -0.0035 -0.5311
vn 0.8530 -0.0100 -0.5219
vn 0.8503 -0.0069 -0.5263
vn -0.9240 0.1709 0.3420
vn -0.9369 0.1543 0.3137
vn -0.9379 0.1537 0.3111
vn -0.9281 0.1667 0.3330
vn -0.8098 -0.1367 0.5705
vn -0.8705 0.1920 0.4531
vn -0.8249 -0.0217 0.5649
vn -0.8002 -0.0533 0.5974
vn -0.8049 -0.1055 0.5839
vn -0.8218 -0.0605 0.5665
vn -0.8408 0.4417 0.3130
vn -0.9368 0.1525 0.3149
vn -0.7583 0.3157 0.5704
vn -0.9358 0.1535 0.3175
vn -0.8405 -0.0049 0.5418
vn -0.8400 0.0027 0.5425
vn -0.8348 0.0059 0.5506
vn -0.9145 0.1805 0.3621
vn 0.6479 0.6898 -0.3231
vn -0.6485 0.6162 -0.4469
vn -0.6002 0.6255 -0.4986
vn -0.5773 0.6279 -0.5219
vn -0.5469 0.6624 -0.5119
vn -0.6040 0.6460 -0.4667
vn -0.4827 0.3950 -0.7817
vn -0.5830 0.3846 -0.7156
vn -0.5601 0.3876 -0.7322
vn -0.6359 0.6201 -0.4595
vn -0.9379 0.2799 -0.2047
vn -0.6903 0.6381 -0.3411
vn -0.6896 0.6205 -0.3734
vn -0.4828 0.5065 -0.7144
vn -0.4646 0.5426 -0.6998
vn -0.4685 0.5351 -0.7030
vn -0.4262 0.3625 -0.8288
vn -0.5613 0.2780 -0.7795
vn -0.5028 0.2583 -0.8249
vn -0.3689 0.1173 -0.9220
vn -0.4749 0.4277 -0.7691
vn -0.4507 0.4450 -0.7739
vn -0.4664 0.4338 -0.7709
vn -0.2138 0.2668 -0.9397
vn -0.2136 0.2641 -0.9406
vn -0.2134 0.2607 -0.9415
vn -0.2131 0.2554 -0.9431
vn -0.3897 0.3501 -0.8518
vn -0.4380 0.2957 -0.8489
vn -0.4293 0.3244 -0.8429
vn 0.6852 -0.2943 -0.6663
vn -0.5144 -0.0055 -0.8575
vn -0.5338 0.0136 -0.8455
vn -0.5337 0.0153 -0.8455
vn -0.5063 0.0140 -0.8623
vn 0.4845 0.0299 -0.8743
vn 0.0015 0.1291 -0.9916
vn 0.0016 0.1125 -0.9936
vn 0.0022 0.0516 -0.9987
vn -0.1776 0.0910 -0.9799
vn -0.2398 0.0883 -0.9668
vn -0.2231 0.0134 -0.9747
vn -0.1783 -0.2261 -0.9576
vn -0.3934 0.1640 -0.9046
vn -0.3904 0.1656 -0.9056
vn 0.0901 0.1425 -0.9857
vn 0.0534 0.1480 -0.9876
vn 0.1553 0.1322 -0.9790
vn 0.5809 0.3173 -0.7496
vn 0.5026 0.4575 -0.7336
vn 0.4493 0.4541 -0.7694
vn 0.4808 0.4464 -0.7547
vn 0.4769 0.2350 -0.8470
vn 0.5310 0.3930 -0.7507
vn 0.4605 0.4344 -0.7741
vn 0.4051 0.2065 -0.8906
vn 0.4076 0.2045 -0.8900
vn 0.3593 0.2422 -0.9013
vn -0.1418 0.3672 -0.9193
vn -0.1655 0.2260 -0.9600
vn -0.1397 0.3410 -0.9296
vn -0.6044 0.3110 -0.7335
vn -0.6317 0.2226 -0.7426
vn -0.6214 0.2584 -0.7397
vn -0.3999 0.1605 -0.9024
vn -0.6485 0.1556 -0.7452
vn 0.4095 0.1426 -0.9011
vn 0.3781 0.0880 -0.9216
vn 0.3554 0.0911 -0.9303
vn -0.1522 0.1624 -0.9749
vn -0.1434 0.2098 -0.9672
vn -0.1534 0.1675 -0.9739
vn -0.1487 0.2325 -0.9612
vn 0.3522 0.1428 -0.9250
vn 0.3597 0.0772 -0.9299
vn -0.1438 0.2635 -0.9539
vn -0.1485 0.3187 -0.9361
vn -0.5300 -0.0150 -0.8479
vn -0.4887 0.0108 -0.8724
vn -0.4862 0.0078 -0.8738
vn -0.5037 -0.2406 -0.8297
vn -0.5108 -0.2030 -0.8354
vn -0.4657 -0.1852 -0.8654
vn -0.4755 -0.1490 -0.8670
vn 0.0012 0.1554 -0.9879
vn 0.0083 0.5064 -0.8622
vn -0.2548 -0.0118 -0.9669
vn 0.0902 0.3492 -0.9327
vn -0.2640 0.0806 -0.9611
vn -0.2837 -0.0602 -0.9570
vn -0.5045 -0.0265 -0.8630
vn -0.6010 -0.0151 -0.7991
vn -0.5361 -0.0000 -0.8442
vn -0.5311 -0.0230 -0.8470
vn -0.5032 -0.2193 -0.8359
vn -0.4746 -0.1566 -0.8662
vn -0.5244 -0.0302 -0.8510
vn -0.4973 -0.1509 -0.8544
vn -0.4952 -0.0521 -0.8672
vn -0.5414 -0.3154 -0.7794
vn -0.6841 -0.1114 -0.7209
vn -0.4660 -0.1456 -0.8727
vn -0.8800 -0.3414 0.3303
vn 0.3495 0.2361 0.9067
vn 0.3787 0.2985 0.8760
vn 0.3638 0.2001 0.9097
vn 0.3283 0.3353 0.8830
vn 0.3256 0.2691 0.9064
vn 0.3181 0.2664 0.9098
vn 0.2671 0.2988 0.9162
vn 0.4144 0.1771 0.8927
vn 0.4598 0.1264 0.8790
vn -0.3058 0.9515 0.0323
vn -0.3251 0.9456 -0.0128
vn -0.2799 0.9558 0.0903
vn 0.3916 0.3628 0.8456
vn 0.3412 0.0206 0.9398
vn 0.2976 0.0170 0.9545
vn 0.3124 0.3382 0.8877
vn -0.1479 0.1991 0.9688
vn 0.4230 0.3393 0.8402
vn 0.4438 0.0294 0.8956
vn 0.1845 0.0695 0.9804
vn -0.4827 0.8184 0.3118
vn -0.4403 0.8333 0.3342
vn -0.4646 0.8251 0.3215
vn -0.2748 0.9570 0.0929
vn -0.0788 0.9703 -0.2287
vn -0.7797 0.4615 0.4232
vn -0.7938 0.3899 0.4667
vn -0.7192 0.4905 0.4921
vn -0.7130 0.4439 0.5427
vn -0.1569 0.9608 0.2288
vn -0.0007 1.0000 -0.0034
vn -0.4231 0.8387 0.3429
vn -0.6835 0.5273 0.5048
vn -0.7042 0.5182 0.4855
vn -0.7679 0.4212 0.4826
vn -0.8272 0.1110 0.5508
vn -0.7779 0.1083 0.6190
vn -0.7193 0.0864 0.6893
vn -0.9073 0.2861 0.3081
vn -0.8998 0.2992 0.3174
vn -0.8954 0.2966 0.3320
vn -0.8943 0.2715 0.3557
vn -0.5022 0.0243 0.8644
vn -0.5029 0.0245 0.8640
vn -0.9146 0.1574 0.3725
vn -0.8782 0.1166 0.4640
vn -0.9174 0.0982 0.3857
vn -0.8539 0.1010 0.5105
vn -0.9120 0.0881 0.4007
vn -0.9151 0.0939 0.3922
vn -0.7752 0.4288 0.4639
vn -0.7858 0.4424 0.4321
vn -0.7727 0.4994 0.3919
vn -0.7011 0.0429 0.7118
vn -0.8605 0.3605 0.3600
vn -0.7430 0.5533 0.3766
vn -0.7823 0.5166 0.3479
vn -0.4639 0.0128 0.8858
vn -0.7851 0.1117 0.6092
vn -0.8696 0.3865 0.3074
vn -0.9467 0.3219 -0.0064
vn -0.9756 0.1424 0.1673
vn -0.7022 0.0715 0.7084
vn -0.9120 0.2277 0.3412
vn -0.8679 0.2965 0.3986
vn -0.7594 0.5691 0.3153
vn -0.7653 0.5356 0.3570
vn -0.7514 0.6006 0.2732
vn -0.7944 0.4365 0.4224
vn -0.7958 0.1831 0.5772
vn -0.7787 0.2086 0.5917
vn -0.7880 0.1949 0.5840
vn -0.8302 0.1815 0.5272
vn -0.8302 0.1815 0.5270
vn -0.8845 -0.4178 0.2075
vn -0.9751 -0.2219 -0.0017
vn -0.8302 0.1816 0.5271
vn -0.8175 0.1758 0.5484
vn -0.3419 0.9382 -0.0537
vn -0.2700 0.4614 0.8451
vn -0.2911 0.4873 0.8233
vn -0.3274 0.5315 0.7812
vn -0.8303 0.1814 0.5269
vn -0.8392 0.1766 0.5144
vn -0.9044 0.1726 0.3902
vn -0.8995 0.1707 0.4022
vn -0.8084 0.1903 0.5570
vn -0.8182 0.1693 0.5494
vn -0.9479 0.1921 0.2543
vn -0.5433 -0.2174 0.8109
vn -0.8196 -0.0892 0.5660
vn -0.8197 -0.0893 0.5657
vn -0.9155 0.3889 -0.1032
vn -0.8560 0.2156 0.4699
vn -0.8235 0.1869 0.5357
vn -0.8303 0.1815 0.5270
vn -0.8765 0.1433 0.4595
vn -0.8702 0.1478 0.4700
vn -0.8673 0.1507 0.4744
vn -0.8627 0.1818 0.4720
vn -0.8620 -0.3230 0.3907
vn -0.4195 -0.1639 0.8928
vn -0.9423 0.1622 0.2929
vn -0.9675 0.1572 0.1979
vn -0.9474 0.1615 0.2763
vn -0.6543 0.0713 0.7529
vn -0.5837 0.0285 0.8115
vn -0.8195 -0.0892 0.5662
vn -0.9189 0.1649 0.3584
vn -0.6847 -0.1060 0.7211
vn -0.9619 0.2233 -0.1578
vn -0.3585 0.5688 0.7403
vn -0.8145 0.2632 0.5171
vn -0.7968 0.3090 0.5192
vn -0.7865 0.0961 0.6101
vn -0.8313 0.0757 0.5506
vn -0.8275 0.1193 0.5487
vn -0.8272 0.1218 0.5486
vn -0.8456 0.0672 0.5296
vn -0.7096 0.0244 0.7042
vn -0.7495 0.0335 0.6611
vn -0.9918 0.0605 0.1121
vn -0.8257 0.1736 0.5367
vn -0.8765 0.4766 0.0682
vn -0.8805 0.0441 0.4719
vn -0.8140 -0.3994 0.4217
vn -0.5758 -0.1684 0.8000
vn -0.8884 0.2744 0.3681
vn -0.8713 0.2989 0.3891
vn -0.8990 0.2579 0.3538
vn -0.3267 -0.1248 0.9369
vn -0.6692 -0.0979 0.7366
vn -0.6432 -0.1502 0.7508
vn -0.6348 -0.1662 0.7546
vn -0.9132 0.2344 0.3334
vn -0.9384 0.2373 -0.2512
vn -0.9640 0.2658 0.0031
vn -0.8259 0.3022 0.4759
vn -0.8408 -0.1679 0.5147
vn -0.6925 -0.0458 0.7200
vn -0.6790 0.3628 0.6382
vn -0.7104 -0.2203 0.6684
vn -0.8327 0.0297 0.5529
vn -0.8042 0.0194 0.5940
vn -0.9778 -0.1481 0.1485
vn -0.9790 -0.1222 0.1634
vn -0.9811 -0.1137 0.1568
vn -0.8217 0.0751 0.5649
vn -0.8068 0.0203 0.5905
vn -0.7525 0.1349 0.6447
vn -0.8354 0.0454 0.5478
vn -0.8484 0.0109 0.5293
vn -0.8188 -0.0077 0.5740
vn -0.8134 0.0038 0.5817
vn -0.7732 -0.3331 0.5397
vn -0.6483 0.3489 0.6768
vn -0.6553 0.3453 0.6718
vn -0.6595 0.3432 0.6688
vn -0.5765 0.1299 0.8067
vn -0.6443 0.3508 0.6796
vn -0.9660 -0.1862 0.1793
vn -0.9583 -0.2209 0.1811
vn -0.5832 0.1726 0.7938
vn -0.9534 0.0356 0.2996
vn -0.4675 0.1422 0.8725
vn -0.4293 0.1369 0.8927
vn -0.4589 0.1410 0.8772
vn -0.4520 0.1401 0.8809
vn -0.4745 0.1432 0.8686
vn -0.4774 -0.1854 0.8589
vn -0.6494 -0.0537 0.7585
vn -0.8864 -0.1767 0.4279
vn -0.8715 0.0117 0.4902
vn -0.8411 -0.0380 0.5395
vn -0.8057 0.1563 0.5713
vn -0.7481 -0.0431 0.6621
vn -0.7870 -0.0623 0.6138
vn -0.8987 0.1309 0.4185
vn -0.8975 0.1495 0.4149
vn -0.8868 0.2144 0.4094
vn -0.8907 0.1907 0.4126
vn -0.9366 0.0045 0.3504
vn -0.0734 0.8086 -0.5837
vn -0.9619 -0.1178 -0.2466
vn -0.3644 0.2793 0.8883
vn -0.5238 0.1529 0.8380
vn -0.9097 0.1104 0.4004
vn -0.9029 0.1133 0.4146
vn -0.9577 -0.1759 0.2278
vn -0.9886 0.1439 -0.0448
vn -0.9581 0.2865 -0.0062
vn -0.8977 0.1369 0.4187
vn -0.3839 -0.1106 0.9167
vn -0.8423 0.2112 0.4958
vn -0.8156 0.1931 0.5455
vn -0.7819 0.3101 0.5408
vn -0.8813 0.2406 0.4066
vn -0.7361 0.0843 0.6716
vn -0.8009 -0.3162 0.5085
vn -0.8035 -0.3343 0.4926
vn -0.8265 -0.0246 0.5624
vn -0.9949 0.0687 0.0733
vn -0.9947 0.0761 0.0690
vn -0.9945 0.0816 0.0659
vn -0.9490 0.1878 0.2533
vn -0.9427 0.1804 0.2807
vn -0.9408 0.1784 0.2881
vn -0.9519 0.1847 0.2445
vn -0.9694 0.1807 0.1663
vn -0.9314 0.1688 0.3224
vn -0.9951 0.0629 0.0766
vn -0.4593 -0.3376 0.8217
vn -0.5671 -0.2016 0.7986
vn -0.6533 -0.1519 0.7417
vn -0.9942 -0.1000 0.0398
vn -0.7179 -0.0761 0.6920
vn -0.9348 0.3486 0.0681
vn -0.8662 -0.0095 0.4997
vn -0.3990 -0.2793 0.8734
vn -0.4384 -0.2499 0.8633
vn -0.4559 -0.2364 0.8581
vn -0.3840 -0.2901 0.8766
vn -0.5494 -0.0842 0.8313
vn -0.9736 0.1786 0.1422
vn -0.4717 -0.1241 0.8730
vn -0.6169 -0.1682 0.7688
vn -0.8590 -0.0887 0.5043
vn -0.5034 0.4089 0.7612
vn -0.5153 0.3990 0.7585
vn -0.5158 0.3985 0.7584
vn -0.9406 0.1455 0.3068
vn -0.9642 0.0625 0.2576
vn -0.9493 0.1186 0.2911
vn -0.6078 -0.3231 0.7254
vn -0.5687 -0.6483 0.5062
vn -0.4599 0.1354 0.8776
vn -0.9789 -0.1984 0.0499
vn -0.9757 -0.2070 0.0716
vn -0.9637 -0.2311 0.1337
vn -0.3086 -0.4806 0.8208
vn -0.9854 -0.1690 -0.0222
vn -0.3164 -0.3359 0.8871
vn -0.9710 0.0289 0.2371
vn -0.4905 0.1932 0.8498
vn -0.9382 -0.2418 0.2474
vn -0.9425 -0.2237 0.2483
vn -0.9379 -0.2331 0.2571
vn -0.8371 -0.5200 0.1697
vn -0.8478 0.1530 0.5078
vn -0.8021 0.2854 0.5246
vn -0.6421 -0.2657 0.7192
vn -0.5254 0.3903 0.7561
vn -0.5854 -0.4751 0.6569
vn -0.9361 -0.2530 0.2442
vn -0.9244 -0.2881 0.2498
vn -0.9733 -0.0924 0.2103
vn -0.8691 0.1005 0.4843
vn -0.8700 0.1086 0.4809
vn -0.8941 -0.0303 0.4469
vn -0.8661 0.0644 0.4958
vn -0.8948 0.2271 0.3845
vn -0.9279 0.2159 0.3038
vn -0.8982 0.2261 0.3770
vn -0.8598 0.1550 0.4866
vn -0.8759 -0.2667 0.4021
vn -0.8712 -0.2785 0.4043
vn -0.8327 -0.3540 0.4257
vn -0.8203 -0.3533 0.4497
vn -0.8196 -0.3433 0.4587
vn -0.8743 0.1392 0.4651
vn -0.7928 -0.3392 0.5064
vn -0.7603 -0.4154 0.4994
vn -0.7705 -0.3931 0.5018
vn -0.7601 0.3605 0.5407
vn -0.8155 0.3440 0.4655
vn -0.8049 0.3476 0.4809
vn -0.7340 -0.4679 0.4923
vn -0.8461 0.3323 0.4167
vn -0.8603 0.1194 0.4956
vn -0.8576 0.0966 0.5052
vn -0.8515 0.3452 0.3948
vn -0.5944 -0.2832 0.7527
vn -0.8697 0.0462 0.4915
vn -0.8293 0.4794 0.2872
vn -0.8306 0.4781 0.2854
vn -0.8328 0.4760 0.2824
vn -0.8630 0.0645 0.5011
vn -0.8398 0.0163 0.5426
vn -0.8589 0.0186 0.5118
vn -0.8632 0.0385 0.5035
vn -0.8590 0.0493 0.5096
vn -0.8541 0.0292 0.5192
vn -0.8520 0.0053 0.5235
vn -0.8559 0.0607 0.5136
vn -0.8537 0.0575 0.5176
vn -0.8595 0.0506 0.5087
vn -0.8504 0.0238 0.5256
vn -0.8377 0.0397 0.5447
vn -0.8475 0.0665 0.5266
vn -0.9983 0.0426 -0.0395
vn -0.9935 0.0338 -0.1089
vn -0.9946 0.0353 -0.0976
vn -0.8344 -0.0652 0.5474
vn -0.8988 -0.0214 0.4378
vn -0.8934 -0.0283 0.4484
vn -0.8742 -0.0132 0.4853
vn -0.8863 -0.0094 0.4629
vn -0.8026 0.1768 0.5697
vn -0.8443 -0.0026 0.5359
vn -0.8450 -0.0011 0.5348
vn -0.8248 0.0063 0.5655
vn -0.9841 0.1650 0.0662
vn -0.9650 0.1792 0.1915
vn -0.9802 0.1630 0.1122
vn -0.6672 -0.0384 0.7439
vn -0.7632 0.3850 0.5189
vn -0.7405 0.3731 0.5590
vn -0.7640 0.3854 0.5175
vn -0.6443 -0.4048 0.6489
vn -0.6944 0.2004 0.6911
vn -0.6906 0.1919 0.6973
vn -0.6752 0.1587 0.7203
vn -0.7707 0.3889 0.5048
vn -0.6604 0.1288 0.7397
vn -0.9823 0.0238 -0.1857
vn -0.8193 -0.3089 0.4831
vn -0.6403 0.0405 0.7670
vn -0.6132 0.1259 0.7798
vn -0.8388 0.0283 0.5437
vn -0.8632 -0.2479 0.4398
vn -0.9453 -0.1665 0.2804
vn -0.9847 0.1722 -0.0262
vn -0.9856 0.1539 0.0698
vn -0.9805 0.1811 -0.0762
vn -0.7283 -0.0951 0.6787
vn -0.7942 -0.3386 0.5045
vn -0.7441 0.1749 0.6448
vn -0.8556 0.0590 0.5142
vn -0.8621 0.0477 0.5045
vn -0.8356 0.0009 0.5493
vn -0.8513 0.0604 0.5212
vn -0.8523 0.0827 0.5164
vn -0.8536 0.0077 0.5208
vn -0.6975 0.0519 0.7147
vn -0.8026 -0.0119 0.5964
vn -0.8349 0.4741 0.2797
vn -0.4465 -0.2535 0.8581
vn -0.6912 -0.2158 0.6897
vn -0.8417 0.0281 0.5392
vn -0.7546 0.4818 0.4454
vn -0.7362 0.0813 0.6719
vn -0.8787 0.0366 0.4761
vn -0.8606 0.0168 0.5090
vn -0.8440 0.0254 0.5358
vn -0.8420 0.0209 0.5391
vn -0.8406 0.0453 0.5397
vn -0.8528 0.0350 0.5211
vn -0.3192 -0.0111 0.9476
vn -0.3152 -0.0487 0.9478
vn -0.8475 0.0092 0.5307
vn -0.8479 0.0101 0.5301
vn -0.8472 0.0083 0.5312
vn -0.8470 0.0090 0.5315
vn -0.8451 0.0042 0.5346
vn -0.7260 0.2675 0.6336
vn -0.7260 0.2674 0.6336
vn -0.7260 0.2673 0.6336
vn -0.8436 0.0068 0.5369
vn -0.7066 -0.2501 0.6619
vn -0.8492 0.0195 0.5276
vn -0.8502 0.0166 0.5262
vn -0.9075 0.2803 0.3129
vn -0.8447 0.0025 0.5353
vn -0.8441 0.0025 0.5361
vn -0.8444 0.0009 0.5358
vn -0.8267 -0.3324 0.4540
vn -0.8216 0.3387 0.4586
vn -0.8000 -0.3035 0.5176
vn -0.9499 -0.1319 0.2834
vn -0.9499 -0.1317 0.2834
vn -0.8276 0.4156 0.3773
vn -0.8394 0.0419 0.5418
vn -0.8437 0.0051 0.5368
vn -0.9500 -0.1316 0.2833
vn -0.8450 0.0022 0.5348
vn -0.1644 -0.0789 0.9832
vn -0.1496 -0.0887 0.9848
vn -0.3426 0.1575 0.9262
vn -0.1753 0.2641 0.9484
vn -0.0859 0.2408 0.9668
vn -0.2830 0.1569 0.9462
vn -0.2578 0.1848 0.9484
vn -0.4352 -0.2100 0.8755
vn -0.3828 -0.3831 0.8406
vn -0.7723 -0.4059 0.4887
vn -0.7720 -0.4067 0.4884
vn -0.7721 -0.4070 0.4880
vn -0.7721 -0.4069 0.4881
vn -0.7727 -0.4071 0.4870
vn 0.4060 -0.6088 0.6816
vn 0.0682 -0.7837 0.6174
vn 0.1225 -0.7655 0.6316
vn 0.1981 -0.7691 0.6076
vn -0.3482 -0.0928 0.9328
vn -0.4169 -0.0447 0.9079
vn -0.3934 -0.0377 0.9186
vn -0.4134 -0.0171 0.9104
vn -0.4642 -0.0109 0.8856
vn 0.0419 -0.9989 -0.0219
vn 0.0625 -0.9979 -0.0143
vn 0.0326 -0.9991 -0.0253
vn 0.2629 -0.0588 0.9630
vn -0.1092 -0.1135 0.9875
vn -0.4466 -0.0720 0.8918
vn -0.4289 -0.0867 0.8992
vn -0.4836 -0.0638 0.8730
vn -0.4791 -0.1157 0.8701
vn -0.3945 -0.0978 0.9137
vn -0.0923 -0.9117 0.4004
vn 0.6357 -0.0297 0.7714
vn 0.6118 -0.0013 0.7910
vn 0.6101 0.0007 0.7923
vn 0.3472 -0.2869 0.8928
vn 0.3689 -0.2109 0.9052
vn 0.3501 -0.2771 0.8948
vn 0.2968 -0.5842 0.7554
vn 0.3249 -0.3561 0.8762
vn 0.4133 0.0875 0.9064
vn 0.0808 -0.5333 0.8421
vn 0.1474 -0.5608 0.8147
vn 0.0791 -0.5325 0.8427
vn 0.7454 0.0395 0.6655
vn 0.5008 0.3684 0.7832
vn -0.2341 -0.4343 0.8698
vn 0.0399 -0.3506 0.9357
vn 0.0741 -0.2901 0.9541
vn 0.0679 -0.2753 0.9590
vn 0.0336 -0.3174 0.9477
vn 0.4988 -0.5166 0.6959
vn -0.7318 -0.1591 0.6627
vn -0.0010 -0.4955 0.8686
vn 0.3773 -0.2146 0.9009
vn -0.3815 -0.0815 0.9208
vn 0.5913 -0.3854 0.7084
vn 0.6751 -0.3512 0.6488
vn 0.6607 -0.3576 0.6600
vn 0.1694 -0.6719 0.7210
vn 0.7213 -0.3288 0.6096
vn 0.7606 0.1227 0.6375
vn 0.5854 0.0287 0.8102
vn 0.1032 -0.2712 0.9570
vn 0.6129 0.1664 0.7725
vn 0.6166 0.1743 0.7677
vn 0.6150 0.1708 0.7698
vn -0.0655 0.2944 0.9534
vn -0.0287 0.2983 0.9540
vn -0.0098 0.2994 0.9541
vn -0.0759 0.2951 0.9524
vn -0.4340 0.2670 0.8605
vn -0.4457 0.2598 0.8567
vn -0.3858 0.2955 0.8740
vn -0.2250 -0.0754 0.9714
vn -0.2611 0.0536 0.9638
vn -0.2946 0.1055 0.9498
vn 0.7566 -0.3691 0.5397
vn 0.7038 0.3178 0.6353
vn 0.7378 0.3046 0.6024
vn 0.6516 0.3355 0.6803
vn 0.1354 -0.1893 0.9725
vn 0.8179 -0.2372 0.5242
vn 0.7739 0.1402 0.6176
vn 0.5766 -0.2993 0.7602
vn 0.9669 -0.0420 0.2516
vn 0.6734 0.0302 0.7387
vn 0.8743 0.0658 0.4810
vn 0.7601 0.2951 0.5790
vn 0.4283 -0.0805 0.9000
vn -0.2757 -0.2347 0.9322
vn -0.2534 -0.2319 0.9392
vn -0.2733 -0.2344 0.9329
vn -0.2749 -0.0262 0.9611
vn -0.2801 -0.1537 0.9476
vn -0.4846 -0.0391 0.8738
vn -0.8302 -0.4072 0.3806
vn 0.1801 -0.1922 0.9647
vn -0.2728 -0.0016 0.9621
vn -0.0892 -0.1283 0.9877
vn -0.5379 0.3946 0.7449
vn -0.4665 0.2467 0.8494
vn -0.2493 0.0358 0.9678
vn -0.4673 0.0369 0.8833
vn -0.2899 -0.2409 0.9262
vn 0.0459 -0.3823 0.9229
vn 0.0063 0.2569 0.9664
vn 0.0632 0.1844 0.9808
vn 0.0949 0.1757 0.9799
vn 0.6213 0.1838 0.7617
vn 0.6192 0.1795 0.7645
vn 0.6231 0.1875 0.7593
vn 0.7323 -0.6398 -0.2333
vn -0.0342 -0.9990 -0.0274
vn -0.0229 -0.9982 0.0550
vn -0.0654 -0.9960 0.0612
vn 0.3444 -0.9388 0.0047
vn 0.2861 -0.9582 0.0075
vn 0.3889 -0.9210 0.0229
vn -0.1102 -0.9776 0.1790
vn -0.2625 -0.9174 0.2990
vn -0.2061 -0.9442 0.2570
vn -0.1131 -0.9741 -0.1957
vn -0.2272 -0.9379 0.2622
vn -0.2203 -0.9501 0.2210
vn -0.2566 -0.9495 0.1807
vn 0.1258 -0.9885 0.0833
vn 0.5214 -0.8128 -0.2598
vn 0.0622 -0.9901 0.1260
vn 0.0769 -0.9860 0.1479
vn 0.0815 -0.9846 0.1547
vn 0.3301 -0.8673 -0.3725
vn 0.2023 -0.9789 0.0291
vn 0.2286 -0.9734 0.0152
vn -0.3159 -0.9350 0.1610
vn -0.2953 -0.8985 0.3249
vn -0.2158 -0.9300 0.2974
vn 0.1469 -0.9867 0.0702
vn 0.1528 -0.9866 0.0567
vn 0.1612 -0.9862 0.0371
vn -0.1856 -0.9804 0.0664
vn -0.1582 -0.9841 0.0811
vn -0.1879 -0.9796 0.0715
vn -0.0550 -0.9869 0.1515
vn -0.1608 -0.9855 0.0545
vn -0.5414 -0.8201 0.1851
vn 0.0863 -0.9624 0.2575
vn -0.3153 -0.9444 0.0932
vn -0.2876 -0.9455 0.1529
vn -0.3173 -0.9482 0.0147
vn 0.3143 -0.9488 -0.0324
vn 0.3526 -0.9347 -0.0441
vn 0.3368 -0.9405 -0.0456
vn 0.3023 -0.9528 -0.0264
vn -0.4385 -0.8811 0.1774
vn -0.4316 -0.8838 0.1807
vn -0.4349 -0.8825 0.1791
vn -0.2079 -0.9532 0.2196
vn -0.2149 -0.9480 0.2346
vn -0.1723 -0.9750 0.1400
vn 0.1726 -0.9769 -0.1258
vn 0.1503 -0.9804 -0.1273
vn 0.2215 -0.9742 -0.0435
vn -0.2712 -0.9620 0.0313
vn -0.2828 -0.9588 0.0278
vn 0.2033 -0.9462 0.2515
vn 0.3172 -0.9483 -0.0058
vn 0.3095 -0.9506 -0.0254
vn 0.2779 -0.9597 -0.0426
vn 0.2938 -0.9556 -0.0212
vn -0.0927 -0.9801 -0.1753
vn 0.2286 -0.9728 -0.0364
vn -0.1895 -0.9750 0.1158
vn -0.3964 -0.8902 0.2246
vn 0.5244 -0.8110 -0.2594
vn 0.0984 -0.9741 -0.2038
vn 0.1624 -0.9556 -0.2457
vn 0.0726 -0.9797 -0.1867
vn -0.2495 -0.9668 0.0553
vn -0.2469 -0.9683 0.0380
vn -0.6878 -0.6493 0.3245
vn -0.6597 -0.6962 0.2830
vn 0.0971 -0.9793 0.1778
vn 0.4668 -0.8778 0.1072
vn -0.3031 -0.8859 0.3511
vn 0.3012 -0.9501 -0.0814
vn 0.2886 -0.9538 -0.0833
vn 0.2768 -0.9581 -0.0740
vn -0.1025 -0.9894 0.1026
vn -0.3448 -0.9267 -0.1493
vn 0.2327 -0.9675 -0.0990
vn 0.2172 -0.9691 -0.1170
vn -0.0530 -0.9906 0.1261
vn 0.2097 -0.9589 -0.1913
vn -0.6468 -0.7034 0.2948
vn -0.6274 -0.7262 0.2810
vn -0.6282 -0.7363 0.2513
vn 0.4411 -0.8685 0.2259
vn -0.5085 -0.8589 -0.0603
vn 0.2942 -0.9536 -0.0632
vn 0.2452 -0.9680 -0.0526
vn -0.1526 -0.9494 0.2744
vn 0.3887 -0.9205 -0.0405
vn 0.3385 -0.9395 -0.0534
vn 0.3082 -0.9453 -0.1074
vn 0.2694 -0.9541 -0.1308
vn 0.2188 -0.9625 -0.1605
vn -0.4281 -0.8851 0.1824
vn 0.0249 -0.9876 -0.1547
vn 0.2628 -0.9645 -0.0243
vn 0.2557 -0.9656 0.0478
vn 0.2577 -0.9658 0.0291
vn 0.2495 -0.9630 0.1016
vn -0.1364 -0.9505 0.2793
vn 0.7089 -0.4864 0.5108
vn 0.6686 -0.5508 0.4996
vn 0.6329 -0.5705 0.5235
vn 0.1553 -0.8356 0.5269
vn 0.1833 -0.8192 0.5435
vn 0.1822 -0.7984 0.5738
vn 0.1508 -0.7946 0.5881
vn 0.7022 -0.6998 0.1311
vn 0.0031 -0.9993 -0.0361
vn 0.2750 -0.7667 0.5802
vn 0.6002 -0.7524 -0.2715
vn 0.6672 -0.6172 0.4170
vn 0.6215 -0.6135 0.4872
vn 0.2708 -0.7781 0.5668
vn 0.0704 -0.5855 0.8076
vn -0.6280 -0.7553 0.1876
vn -0.2850 -0.9547 0.0858
vn 0.3304 -0.7507 0.5720
vn 0.4179 0.0111 0.9084
vn 0.4166 0.0766 0.9059
vn 0.4186 0.0987 0.9028
vn 0.4502 0.0734 0.8899
vn 0.4425 -0.7218 0.5321
vn 0.3989 -0.0229 0.9167
vn 0.4002 0.0152 0.9163
vn 0.2613 -0.5443 0.7971
vn 0.0343 -0.5802 0.8137
vn 0.4235 -0.6130 0.6669
vn 0.2429 -0.7713 0.5883
vn -0.0535 -0.9980 -0.0345
vn -0.0605 -0.9977 -0.0315
vn -0.0068 -0.9999 0.0152
vn 0.0013 -0.9999 0.0154
vn -0.0072 -0.9994 0.0340
vn 0.0091 -0.9998 0.0182
vn 0.3869 -0.0744 0.9191
vn 0.4045 0.1071 0.9082
vn 0.4134 0.1058 0.9044
vn 0.4783 0.0953 0.8730
vn 0.3896 -0.0681 0.9185
vn 0.4069 0.1709 0.8973
vn 0.7010 0.2373 0.6725
vn 0.1732 0.0599 0.9831
vn 0.1411 0.1260 0.9819
vn 0.1535 0.0840 0.9846
vn 0.4252 0.1589 0.8911
vn 0.1713 0.0154 0.9851
vn 0.3388 0.1168 0.9336
vn 0.5900 -0.2228 0.7760
vn 0.6090 -0.2114 0.7644
vn 0.5860 -0.2252 0.7784
vn 0.5696 -0.2348 0.7877
vn 0.0444 -0.4869 0.8723
vn 0.1044 0.1580 0.9819
vn -0.0484 0.3767 0.9251
vn 0.0180 0.9567 0.2906
vn 0.2753 0.9610 -0.0272
vn 0.2849 0.9582 0.0246
vn 0.3211 0.9467 0.0247
vn 0.3259 0.9449 0.0302
vn 0.4911 0.7596 -0.4265
vn 0.5179 0.7434 -0.4234
vn 0.4969 0.7723 -0.3958
vn 0.4989 0.7813 -0.3750
vn 0.4820 0.7936 -0.3713
vn 0.3943 0.0508 0.9176
vn -0.1312 0.9213 0.3661
vn 0.4119 0.6237 0.6644
vn 0.5572 0.5258 0.6427
vn 0.4220 0.4889 0.7635
vn 0.3980 0.5551 0.7304
vn 0.3594 0.5551 0.7501
vn 0.3875 0.5287 0.7552
vn 0.9060 0.4228 -0.0172
vn 0.9013 0.4291 0.0603
vn 0.9061 0.4227 -0.0181
vn 0.5781 0.5128 0.6346
vn 0.5007 0.5211 0.6912
vn 0.3715 0.5147 0.7727
vn 0.1343 0.9685 0.2097
vn 0.2912 0.9511 0.1032
vn 0.3653 0.9277 0.0764
vn 0.2141 0.9682 0.1297
vn 0.3526 0.6206 0.7004
vn 0.3712 0.6038 0.7054
vn 0.3681 0.5955 0.7140
vn 0.3441 0.5463 0.7637
vn 0.1107 0.6116 0.7834
vn 0.2171 0.5574 0.8014
vn 0.2994 0.5709 0.7645
vn 0.3485 0.2538 0.9023
vn 0.3986 0.1677 0.9017
vn 0.4113 0.2073 0.8876
vn 0.4640 0.1330 0.8758
vn 0.4396 0.1500 0.8856
vn 0.4198 0.5123 0.7492
vn 0.5344 0.5708 0.6233
vn 0.6507 0.0234 0.7590
vn 0.9242 0.0259 -0.3810
vn 0.7106 0.2706 0.6495
vn 0.7864 0.2584 0.5610
vn 0.7259 0.2686 0.6332
vn 0.4016 0.0572 0.9140
vn 0.9476 -0.0399 -0.3170
vn 0.9486 -0.0612 -0.3106
vn 0.9603 -0.1445 -0.2388
vn 0.8644 0.0250 -0.5021
vn 0.8435 0.0100 -0.5371
vn 0.8858 0.0060 -0.4639
vn 0.8448 0.0144 -0.5348
vn 0.7978 -0.5536 0.2387
vn 0.8789 -0.0191 -0.4765
vn 0.9960 -0.0835 0.0324
vn 0.9988 -0.0484 -0.0079
vn 0.9982 -0.0510 0.0304
vn 0.9934 -0.1146 0.0080
vn 0.8929 -0.3136 -0.3231
vn 0.8901 -0.3159 -0.3286
vn 0.8842 -0.2685 -0.3823
vn 0.8594 -0.0257 -0.5106
vn 0.8676 -0.0430 -0.4955
vn 0.8992 -0.0353 -0.4362
vn 0.9222 0.0236 -0.3859
vn 0.9906 0.0687 0.1185
vn 0.8823 0.2576 -0.3940
vn 0.8775 0.2010 -0.4354
vn 0.8799 0.2235 -0.4193
vn 0.8292 0.5587 0.0175
vn 0.9024 0.0023 -0.4309
vn 0.9831 0.1442 -0.1132
vn 0.9722 0.1511 -0.1790
vn 0.9767 0.1490 -0.1543
vn 0.7198 0.0695 -0.6907
vn 0.9166 0.0863 0.3903
vn 0.8957 0.1121 0.4303
vn 0.8988 0.1084 0.4246
vn 0.9939 -0.1101 0.0041
vn 0.9835 -0.1792 0.0249
vn 0.9819 -0.1874 0.0274
vn 0.8570 0.1529 0.4921
vn 0.9046 -0.0652 0.4212
vn 0.7915 0.5817 0.1875
vn 0.3748 -0.1463 0.9155
vn 0.9365 0.3352 -0.1032
vn 0.3997 0.0664 0.9142
vn 0.5632 0.0673 0.8236
vn 0.3642 0.0347 0.9307
vn 0.9607 -0.2723 0.0532
vn 0.8421 -0.0580 0.5363
vn 0.8021 0.2551 0.5399
vn 0.9775 -0.1070 -0.1820
vn 0.9828 0.1498 -0.1081
vn 0.9595 0.1683 -0.2257
vn 0.9214 -0.0361 -0.3870
vn 0.9496 -0.0878 -0.3008
vn 0.9346 -0.0354 -0.3539
vn 0.9530 -0.1047 -0.2842
vn 0.9591 -0.0484 -0.2788
vn 0.9545 -0.0637 -0.2914
vn 0.7790 0.2718 -0.5651
vn 0.9544 -0.1698 -0.2454
vn 0.8028 0.3372 -0.4917
vn 0.7978 0.3332 -0.5026
vn 0.8283 0.3589 -0.4301
vn 0.7730 0.3137 -0.5514
vn 0.8735 0.1724 -0.4552
vn 0.9643 -0.0297 -0.2633
vn 0.4678 0.1973 -0.8616
vn 0.8435 0.0286 -0.5364
vn 0.8571 0.0367 -0.5139
vn 0.8440 0.0007 -0.5363
vn 0.8283 -0.0467 -0.5583
vn 0.8341 -0.0314 -0.5507
vn 0.8523 -0.0249 -0.5225
vn 0.8430 -0.0024 -0.5379
vn 0.8456 0.0100 -0.5337
vn 0.8286 -0.0336 -0.5588
vn 0.8400 0.0791 -0.5368
vn 0.8426 -0.0116 -0.5385
vn 0.8516 0.0297 -0.5234
vn 0.8355 0.1299 -0.5339
vn 0.8889 -0.0071 -0.4580
vn 0.8737 0.0256 -0.4858
vn 0.9244 0.0051 -0.3813
vn 0.9724 0.2332 0.0070
vn 0.9856 0.1335 -0.1035
vn 0.9861 0.1544 -0.0607
vn 0.9777 0.0643 -0.2000
vn 0.9846 0.0846 -0.1530
vn 0.8495 -0.0453 -0.5256
vn 0.8399 0.0001 -0.5428
vn 0.8304 0.0021 -0.5571
vn 0.8336 0.0033 -0.5524
vn 0.8293 0.0091 -0.5588
vn 0.8051 0.0779 -0.5880
vn 0.8147 0.0343 -0.5789
vn 0.8339 -0.0350 -0.5508
vn 0.6529 -0.0723 -0.7539
vn 0.6178 -0.0436 -0.7851
vn 0.6527 -0.0721 -0.7542
vn 0.9892 0.1070 -0.1004
vn 0.9938 -0.0873 -0.0684
vn 0.9973 -0.0633 -0.0371
vn 0.9836 -0.1304 -0.1245
vn 0.9780 0.0225 -0.2072
vn 0.7239 0.1608 -0.6709
vn 0.4208 0.1612 -0.8927
vn 0.5696 0.0716 -0.8188
vn 0.6108 0.0439 -0.7906
vn 0.6141 0.0416 -0.7881
vn 0.9615 -0.1949 -0.1936
vn 0.9531 -0.2000 -0.2273
vn 0.9748 -0.1840 -0.1260
vn 0.9740 -0.1488 -0.1711
vn 0.9719 -0.1256 -0.1991
vn 0.9716 -0.1154 -0.2063
vn 0.6706 0.0758 -0.7380
vn 0.6402 0.0790 -0.7641
vn 0.6485 0.0719 -0.7578
vn 0.6636 0.0618 -0.7455
vn 0.9423 -0.0705 -0.3272
vn 0.9495 -0.0716 -0.3055
vn 0.9572 -0.1546 -0.2447
vn 0.5892 0.0039 -0.8080
vn 0.8056 0.1337 -0.5772
vn 0.9542 -0.1658 -0.2490
vn 0.6230 0.1755 -0.7623
vn 0.8807 -0.0023 -0.4736
vn 0.9364 -0.0250 -0.3501
vn 0.9049 -0.0253 -0.4249
vn 0.7027 -0.4070 -0.5836
vn 0.6687 0.0151 -0.7433
vn 0.7093 0.0042 -0.7049
vn 0.6502 0.1400 -0.7467
vn 0.8689 -0.2727 -0.4132
vn 0.9462 -0.0437 -0.3207
vn 0.9658 -0.1000 -0.2394
vn 0.9655 -0.0818 -0.2471
vn 0.4067 0.0542 -0.9120
vn 0.9876 -0.0222 -0.1556
vn 0.9811 -0.0362 -0.1900
vn 0.9715 -0.0318 -0.2347
vn 0.8851 -0.2563 -0.3885
vn 0.9727 -0.1120 -0.2032
vn 0.6565 0.0112 -0.7543
vn 0.9688 -0.0848 0.2327
vn 0.9765 -0.1519 -0.1526
vn 0.9186 -0.0647 -0.3899
vn 0.9679 -0.1490 -0.2027
vn 0.8559 -0.2111 -0.4721
vn 0.5730 0.0269 -0.8191
vn 0.6667 0.0104 -0.7452
vn 0.7216 0.0384 -0.6912
vn 0.7746 -0.0160 -0.6323
vn 0.7547 -0.0053 -0.6560
vn 0.7155 0.0221 -0.6983
vn 0.4823 0.0258 -0.8756
vn 0.6924 0.0257 -0.7211
vn 0.6933 0.0399 -0.7195
vn 0.9952 0.0577 -0.0790
vn 0.9985 0.0012 -0.0541
vn 0.7165 0.0306 -0.6969
vn 0.6917 0.0496 -0.7205
vn 0.8939 -0.0281 -0.4475
vn 0.9013 0.0467 -0.4306
vn 0.9325 0.0627 -0.3556
vn 0.9211 0.2882 -0.2618
vn 0.9453 0.0761 -0.3173
vn 0.6726 0.0292 -0.7394
vn 0.6563 0.0272 -0.7540
vn 0.8610 0.0332 -0.5075
vn 0.9288 0.0663 -0.3645
vn 0.9570 0.0898 -0.2760
vn 0.9838 0.1087 -0.1424
vn 0.9741 -0.2181 0.0594
vn 0.9879 -0.1553 -0.0033
vn 0.9763 -0.2100 0.0512
vn 0.4957 0.1586 -0.8539
vn 0.7575 0.0446 -0.6513
vn 0.9122 -0.0937 -0.3989
vn 0.3666 0.0526 -0.9289
vn 0.6798 -0.4794 -0.5551
vn 0.6991 -0.4510 -0.5548
vn 0.6794 -0.5156 -0.5221
vn 0.7611 -0.4254 -0.4897
vn 0.3978 -0.7680 -0.5019
vn 0.2169 -0.9702 -0.1078
vn 0.5148 -0.8246 -0.2345
vn -0.1378 -0.9672 -0.2134
vn -0.0837 -0.9769 -0.1968
vn -0.1746 -0.9587 -0.2244
vn 0.2560 -0.9607 -0.1074
vn 0.2518 -0.9603 -0.1199
vn 0.2978 -0.9416 -0.1574
vn 0.2968 -0.9406 -0.1650
vn 0.3347 -0.9218 -0.1955
vn 0.1922 -0.9795 -0.0599
vn 0.1410 -0.9864 0.0839
vn -0.0630 -0.9797 -0.1903
vn 0.8241 -0.3291 -0.4610
vn 0.8622 -0.3326 -0.3821
vn 0.8838 -0.3336 -0.3279
vn 0.8043 -0.3038 -0.5107
vn 0.6669 -0.5850 -0.4615
vn 0.6129 -0.7662 -0.1933
vn 0.5862 -0.7985 -0.1373
vn 0.5959 -0.7836 -0.1759
vn 0.6115 -0.7643 -0.2049
vn 0.3728 -0.6662 -0.6459
vn 0.3647 -0.6645 -0.6522
vn 0.3678 -0.6652 -0.6499
vn 0.5750 -0.7187 -0.3910
vn 0.5586 -0.7303 -0.3933
vn 0.5812 -0.7137 -0.3910
vn 0.3566 -0.6627 -0.6585
vn 0.7430 -0.3350 -0.5794
vn 0.7356 -0.3297 -0.5918
vn 0.7594 -0.3470 -0.5503
vn 0.7743 -0.3581 -0.5217
vn 0.5586 -0.8243 -0.0916
vn 0.7784 -0.6082 -0.1554
vn 0.5558 -0.8287 -0.0654
vn 0.6631 -0.6550 -0.3623
vn 0.2585 -0.8413 -0.4748
vn 0.6098 -0.7619 -0.2181
vn 0.4538 -0.6889 -0.5653
vn 0.4649 -0.6748 -0.5731
vn 0.4608 -0.6726 -0.5790
vn 0.4576 -0.7040 -0.5432
vn 0.7266 -0.5744 -0.3770
vn 0.5447 -0.7338 -0.4060
vn 0.5434 -0.7456 -0.3858
vn 0.4413 -0.8637 -0.2436
vn 0.4459 -0.8648 -0.2310
vn 0.4687 -0.8683 -0.1627
vn 0.4391 -0.7441 -0.5035
vn 0.4628 -0.7040 -0.5387
vn 0.4172 -0.8554 -0.3069
vn 0.8979 -0.1028 -0.4280
vn 0.8955 -0.1066 -0.4321
vn 0.8975 -0.1035 -0.4288
vn 0.8629 -0.3654 0.3491
vn 0.9146 -0.2810 -0.2908
vn 0.8996 -0.1001 -0.4251
vn 0.7378 -0.6445 -0.2005
vn 0.6154 -0.6754 -0.4064
vn 0.6186 -0.6680 -0.4137
vn 0.6106 -0.6858 -0.3960
vn 0.6220 -0.6600 -0.4214
vn 0.5557 -0.7530 -0.3525
vn 0.8483 -0.0064 -0.5295
vn 0.8424 0.0047 -0.5388
vn 0.8436 -0.0026 -0.5370
vn 0.8353 -0.0104 -0.5497
vn 0.8378 -0.0211 -0.5455
vn 0.8491 -0.0764 -0.5228
vn 0.8424 -0.0079 -0.5387
vn 0.8406 -0.0158 -0.5414
vn 0.8428 -0.0064 -0.5382
vn 0.8420 -0.1768 -0.5096
vn 0.8413 -0.1772 -0.5107
vn 0.8535 -0.1706 -0.4924
vn 0.8425 -0.0619 -0.5351
vn 0.8323 -0.0731 -0.5495
vn 0.8410 -0.0407 -0.5394
vn 0.8361 -0.0858 -0.5419
vn 0.8390 -0.0614 -0.5406
vn 0.8123 -0.1859 -0.5528
vn 0.8131 -0.1858 -0.5517
vn 0.8293 -0.1834 -0.5279
vn 0.8298 0.5415 -0.1345
vn 0.2421 -0.9531 -0.1814
vn 0.2219 -0.9586 -0.1784
vn -0.0809 -0.9941 -0.0718
vn -0.0327 -0.9993 -0.0188
vn -0.0526 -0.9985 -0.0161
vn 0.7073 -0.4494 -0.5456
vn 0.7577 -0.3674 -0.5394
vn 0.7745 -0.3220 -0.5445
vn 0.7824 -0.3278 -0.5295
vn 0.8178 -0.0572 -0.5727
vn 0.8185 -0.0679 -0.5705
vn 0.8353 -0.0609 -0.5465
vn 0.8744 0.0927 -0.4763
vn 0.8662 0.0411 -0.4980
vn 0.8634 0.0605 -0.5009
vn 0.7676 -0.4446 -0.4617
vn 0.7748 -0.4131 -0.4786
vn 0.7730 -0.4360 -0.4609
vn 0.7670 -0.4504 -0.4569
vn 0.8523 0.0239 -0.5225
vn 0.8649 -0.0200 -0.5016
vn 0.8742 0.0626 -0.4816
vn 0.8501 0.2169 -0.4798
vn 0.8658 -0.0420 -0.4987
vn 0.8315 -0.0448 -0.5537
vn 0.8205 0.0126 -0.5715
vn 0.8365 -0.0446 -0.5461
vn 0.8405 -0.0443 -0.5401
vn 0.8027 -0.2820 -0.5255
vn 0.7985 -0.2860 -0.5297
vn 0.8227 -0.2621 -0.5044
vn 0.7821 -0.3012 -0.5456
vn 0.7316 -0.5347 -0.4228
vn 0.6692 -0.5739 -0.4720
vn 0.7403 -0.5458 -0.3925
vn 0.7536 -0.3372 -0.5643
vn 0.7685 -0.3206 -0.5537
vn 0.7965 -0.3306 -0.5062
vn 0.7868 -0.3807 -0.4858
vn 0.7929 -0.3951 -0.4639
vn 0.7824 -0.4255 -0.4548
vn 0.8017 -0.4081 -0.4367
vn 0.8262 -0.0449 -0.5616
vn 0.8192 0.2572 -0.5126
vn 0.8152 0.2617 -0.5166
vn 0.8106 0.2595 -0.5250
vn 0.8254 0.2412 -0.5105
vn 0.8577 0.2218 -0.4638
vn 0.8395 -0.0374 -0.5421
vn 0.8408 0.0341 -0.5402
vn 0.8378 -0.0074 -0.5459
vn 0.8256 0.1358 -0.5477
vn 0.8134 0.1710 -0.5560
vn 0.8066 0.1776 -0.5638
vn 0.8095 0.2498 -0.5313
vn 0.7010 0.2116 -0.6810
vn 0.8323 0.0911 -0.5468
vn 0.4696 -0.7713 -0.4296
vn 0.7120 -0.5244 -0.4669
vn 0.6637 -0.5730 -0.4808
vn 0.7423 -0.4903 -0.4568
vn 0.8797 -0.1499 -0.4513
vn 0.8069 -0.3229 -0.4946
vn 0.8799 -0.2485 -0.4049
vn 0.8720 -0.1643 -0.4612
vn 0.8877 -0.2106 -0.4095
vn 0.7695 -0.3185 -0.5536
vn 0.7716 -0.3145 -0.5529
vn 0.7649 -0.3268 -0.5551
vn 0.8575 -0.3346 -0.3909
vn 0.8707 -0.3069 -0.3844
vn 0.6424 -0.5871 -0.4926
vn 0.7757 -0.4296 -0.4623
vn 0.7790 -0.3835 -0.4961
vn 0.8966 -0.2450 -0.3688
vn 0.7729 -0.5550 -0.3074
vn 0.4876 -0.5691 -0.6621
vn 0.8367 0.4824 -0.2592
vn 0.8407 0.4628 -0.2812
vn 0.8620 0.3910 -0.3228
vn 0.5951 -0.5760 -0.5604
vn 0.8807 0.0194 -0.4734
vn 0.8809 0.0181 -0.4729
vn 0.8778 0.0194 -0.4786
vn 0.6691 -0.5923 -0.4490
vn 0.6717 -0.5921 -0.4453
vn 0.8802 0.0265 -0.4738
vn 0.3444 -0.7097 -0.6146
vn 0.3573 -0.7074 -0.6098
vn 0.3073 -0.7183 -0.6242
vn 0.7356 -0.5994 -0.3155
vn 0.3799 -0.6991 -0.6058
vn 0.3537 -0.8352 -0.4212
vn 0.2914 -0.9164 -0.2745
vn 0.2301 -0.9180 -0.3229
vn 0.2548 -0.9180 -0.3038
vn 0.2336 -0.9511 -0.2020
vn 0.0047 -0.9990 -0.0451
vn 0.0989 -0.9928 0.0671
vn 0.1150 -0.9875 0.1081
vn 0.0875 -0.9952 0.0439
vn 0.1805 -0.9153 -0.3600
vn 0.1775 -0.9827 0.0523
vn -0.1956 -0.9741 0.1135
vn -0.2009 -0.9741 0.1039
vn 0.5618 -0.7737 -0.2928
vn 0.5805 -0.7725 -0.2574
vn 0.5805 -0.7725 -0.2575
vn 0.1497 -0.9819 0.1157
vn 0.6018 -0.7694 -0.2144
vn 0.3995 -0.8631 0.3089
vn 0.4403 -0.7788 -0.4467
vn 0.4931 -0.7277 -0.4767
vn 0.4146 -0.7900 -0.4516
vn 0.3753 -0.6995 -0.6082
vn 0.9484 0.3059 -0.0837
vn 0.9655 0.2303 -0.1217
vn 0.9671 0.2016 -0.1553
vn 0.5295 -0.6889 -0.4950
vn 0.9273 0.3739 0.0199
vn 0.9439 0.3174 -0.0914
vn 0.9661 0.1968 -0.1670
vn 0.9235 0.3821 0.0344
vn 0.8726 0.3747 -0.3134
vn 0.8727 0.3744 -0.3135
vn 0.8592 0.3782 -0.3446
vn 0.4581 -0.7960 -0.3957
vn 0.6873 0.6659 -0.2903
vn 0.5436 -0.6654 -0.5117
vn 0.9148 0.1158 -0.3870
vn 0.9145 0.1192 -0.3866
vn 0.9147 0.1166 -0.3870
vn 0.9190 0.1023 -0.3806
vn 0.9091 0.0413 -0.4145
vn 0.9107 0.0478 -0.4102
vn 0.6299 -0.5775 -0.5194
vn 0.6088 -0.6126 -0.5041
vn 0.6266 -0.5847 -0.5153
vn 0.8273 -0.3072 -0.4703
vn 0.8100 -0.3483 -0.4718
vn 0.7694 -0.3831 -0.5111
vn 0.8849 -0.2818 -0.3707
vn 0.9171 0.1144 -0.3819
vn 0.5924 -0.6096 -0.5267
vn 0.6106 -0.5541 -0.5658
vn 0.8549 -0.0216 -0.5184
vn 0.8578 -0.0168 -0.5138
vn 0.6212 -0.5238 -0.5829
vn 0.6945 -0.6001 -0.3970
vn 0.9781 0.2066 0.0241
vn 0.9281 0.2724 -0.2537
vn 0.9413 0.0303 -0.3363
vn 0.9361 -0.0013 -0.3518
vn 0.9351 -0.0063 -0.3543
vn 0.9629 0.0303 -0.2682
vn 0.9579 0.0306 -0.2855
vn 0.4335 0.4850 0.7595
vn 0.7020 0.5299 0.4758
vn 0.7032 0.5083 0.4972
vn 0.6198 0.4960 0.6081
vn 0.4118 0.6312 0.6573
vn 0.8569 0.4733 -0.2041
vn 0.8548 0.4167 -0.3093
vn 0.8754 0.4502 -0.1761
vn 0.8663 0.4552 -0.2058
vn 0.8594 0.4686 -0.2045
vn 0.9401 0.1795 -0.2898
vn 0.9127 0.2992 -0.2784
vn 0.7924 0.4777 -0.3793
vn 0.8627 0.3324 -0.3811
vn 0.4789 0.2586 0.8389
vn 0.5193 0.1578 0.8399
vn 0.4875 0.1503 0.8601
vn 0.2094 0.8261 0.5232
vn 0.2210 0.8508 0.4768
vn 0.2199 0.8485 0.4814
vn 0.7575 0.6482 -0.0779
vn 0.5597 0.5676 0.6037
vn 0.5773 0.7702 0.2712
vn 0.9146 0.1886 -0.3576
vn 0.4179 0.7395 0.5277
vn 0.3916 0.7475 0.5366
vn 0.3994 0.7452 0.5340
vn 0.1168 0.2497 0.9613
vn 0.9104 -0.0018 0.4136
vn 0.5075 0.1326 0.8514
vn 0.2350 0.8791 0.4147
vn 0.8693 0.4491 -0.2064
vn 0.3827 0.7500 0.5395
vn 0.6977 0.5715 0.4320
vn 0.7974 0.5513 0.2453
vn 0.7411 0.6127 0.2745
vn 0.7635 0.5913 0.2597
vn 0.8003 0.5504 0.2380
vn 0.3166 0.3108 0.8962
vn 0.9507 0.1940 -0.2419
vn 0.9169 0.3327 -0.2206
vn 0.6983 0.6528 0.2937
vn 0.8033 0.5493 0.2300
vn 0.5987 0.0601 0.7987
vn 0.5906 0.0505 0.8054
vn 0.6083 0.0717 0.7905
vn 0.5997 0.0762 0.7966
vn 0.3536 0.0362 0.9347
vn 0.4139 0.0670 0.9078
vn 0.3791 0.0491 0.9241
vn 0.4765 0.2799 0.8334
vn 0.7062 -0.0720 0.7044
vn 0.4820 0.1027 0.8701
vn 0.7116 0.3090 -0.6310
vn 0.7572 0.2457 -0.6052
vn 0.7461 0.2749 -0.6064
vn 0.9023 -0.0432 -0.4289
vn 0.9250 -0.0435 -0.3775
vn 0.8798 -0.0478 -0.4729
vn 0.7965 0.0757 -0.5999
vn 0.7887 0.1179 -0.6034
vn 0.9329 -0.0361 -0.3584
vn 0.9418 -0.0465 -0.3330
vn 0.7827 0.3310 -0.5272
vn 0.8178 0.2380 -0.5240
vn 0.8170 0.1947 -0.5427
vn 0.6264 0.6350 -0.4521
vn 0.5325 0.1615 -0.8309
vn 0.4544 0.8908 -0.0044
vn 0.7929 0.2936 -0.5339
vn 0.7848 0.2554 -0.5646
vn 0.7954 0.3078 -0.5220
vn 0.7915 0.3116 -0.5257
vn 0.7844 0.2941 -0.5461
vn 0.7507 0.2813 -0.5978
vn 0.4906 0.7886 -0.3707
vn 0.4714 0.8227 -0.3178
vn 0.7579 0.2120 -0.6170
vn 0.7027 0.1900 -0.6856
vn 0.6852 0.0704 -0.7249
vn 0.9633 0.1397 -0.2293
vn 0.8478 0.3974 -0.3511
vn 0.8252 0.4201 -0.3775
vn 0.8267 0.4145 -0.3805
vn 0.8206 0.4048 -0.4035
vn 0.4267 0.4669 -0.7746
vn 0.4228 0.4668 -0.7767
vn 0.4210 0.4654 -0.7785
vn 0.4408 0.4776 -0.7600
vn 0.7994 0.4030 -0.4455
vn 0.9478 0.1720 -0.2687
vn 0.5075 0.4202 -0.7522
vn 0.5394 0.3806 -0.7511
vn 0.6165 0.3185 -0.7201
vn 0.7892 0.3215 -0.5233
vn 0.8024 0.4367 -0.4068
vn 0.7723 0.2853 -0.5677
vn 0.9303 0.2249 -0.2896
vn 0.8524 -0.0687 -0.5184
vn 0.8635 -0.0897 -0.4962
vn 0.8814 -0.1272 -0.4549
vn 0.8376 -0.0433 -0.5445
vn 0.8539 0.0002 -0.5204
vn 0.7363 0.2547 -0.6269
vn 0.8256 0.1968 -0.5289
vn 0.8314 0.2055 -0.5162
vn 0.7924 0.2850 -0.5394
vn 0.7297 0.3204 -0.6040
vn 0.7275 0.3869 -0.5666
vn 0.7537 0.3097 -0.5798
vn 0.7415 0.3614 -0.5654
vn 0.8189 0.2376 -0.5225
vn 0.7847 0.2920 -0.5467
vn 0.8527 0.1756 -0.4919
vn 0.8319 0.4300 -0.3508
vn 0.8487 0.1429 -0.5092
vn 0.7554 0.3010 -0.5820
vn 0.7378 0.4535 -0.5000
vn 0.7815 0.2501 -0.5715
vn 0.4624 0.5013 -0.7314
vn 0.4465 0.4817 -0.7540
vn 0.6624 0.1741 -0.7286
vn 0.6462 0.1593 -0.7463
vn 0.8505 0.1151 -0.5132
vn 0.4325 0.4647 -0.7727
vn 0.9704 0.0862 -0.2255
vn 0.9761 0.1336 -0.1717
vn 0.9745 0.1157 -0.1922
vn 0.6984 0.2591 -0.6671
vn 0.8527 0.4204 -0.3101
vn 0.8376 0.4463 -0.3149
vn 0.8171 0.4582 -0.3499
vn 0.7911 0.4664 -0.3957
vn 0.7962 0.3358 -0.5033
vn 0.9770 0.1610 -0.1397
vn 0.5457 0.5546 -0.6282
vn 0.3255 0.9266 0.1886
vn 0.1392 0.9848 -0.1039
vn 0.8524 0.4082 -0.3268
vn 0.3759 0.9267 0.0002
vn 0.5255 0.7485 -0.4044
vn 0.0996 0.9603 0.2607
vn 0.5626 0.6932 -0.4505
vn 0.5590 0.6892 -0.4610
vn 0.5293 0.7462 -0.4038
vn 0.3165 0.9370 -0.1482
vn 0.4473 0.4888 -0.7490
vn 0.4451 0.4399 -0.7800
vn 0.3887 0.5483 -0.7404
vn 0.4553 0.5113 -0.7289
vn 0.4530 0.5228 -0.7221
vn 0.8171 0.2569 -0.5160
vn 0.8193 0.2081 -0.5343
vn 0.1991 0.5644 -0.8011
vn 0.7996 0.3450 -0.4915
vn 0.8093 0.2147 -0.5468
vn 0.8158 0.1976 -0.5436
vn 0.7310 0.4134 -0.5429
vn 0.7159 0.3819 -0.5845
vn 0.2539 0.5936 -0.7637
vn 0.3314 0.6057 -0.7234
vn 0.2825 0.6355 -0.7186
vn 0.3867 0.6678 -0.6360
vn 0.4471 0.5186 -0.7288
vn 0.7192 0.3662 -0.5904
vn 0.6517 0.3379 -0.6791
vn 0.6699 0.3424 -0.6587
vn 0.6463 0.2704 -0.7135
vn 0.3188 0.6197 -0.7172
vn 0.6769 0.2324 -0.6984
vn 0.8443 0.0012 -0.5359
vn 0.8444 0.0019 -0.5358
vn 0.0780 0.6982 -0.7116
vn 0.4332 0.4487 -0.7817
vn 0.0436 0.7008 -0.7120
vn 0.0584 0.6612 -0.7479
vn 0.4842 0.4099 -0.7730
vn 0.4830 0.4089 -0.7743
vn 0.5011 0.4245 -0.7541
vn 0.7472 0.0614 -0.6617
vn 0.7003 0.2762 -0.6583
vn 0.6845 0.2866 -0.6703
vn 0.5396 0.4058 -0.7377
vn 0.6651 0.0275 -0.7463
vn 0.7836 0.3317 -0.5253
vn 0.6401 -0.0000 -0.7683
vn 0.6170 0.2692 -0.7395
vn 0.6866 0.2333 -0.6886
vn 0.6838 0.2349 -0.6909
vn 0.7569 0.0220 -0.6531
vn 0.7562 0.0187 -0.6541
vn 0.8068 0.0154 -0.5906
vn 0.7598 0.0572 -0.6476
vn 0.7606 0.0621 -0.6462
vn 0.7328 0.1601 -0.6613
vn 0.7423 0.1213 -0.6590
vn 0.7500 0.0477 -0.6597
vn 0.8126 0.0200 -0.5825
vn 0.7557 0.0146 -0.6548
vn 0.7547 0.0120 -0.6559
vn 0.7563 0.0203 -0.6539
vn 0.7917 0.0133 -0.6108
vn 0.8230 0.0071 -0.5679
vn 0.7727 0.0172 -0.6346
vn 0.7607 0.0641 -0.6459
vn 0.8352 0.0103 -0.5499
vn 0.4457 0.0945 -0.8902
vn 0.4834 0.0567 -0.8736
vn 0.4914 0.0485 -0.8696
vn 0.6648 0.1095 -0.7389
vn 0.6718 0.2098 -0.7104
vn 0.6300 0.2350 -0.7402
vn 0.6273 0.1604 -0.7620
vn 0.6437 0.1501 -0.7504
vn 0.5903 0.1960 -0.7830
vn 0.8478 0.0025 -0.5303
vn 0.9665 -0.2561 -0.0191
vn 0.9705 -0.1545 -0.1851
vn 0.9698 -0.1131 -0.2161
vn 0.9697 -0.1109 -0.2178
vn 0.9361 -0.1049 -0.3358
vn 0.8967 -0.0666 -0.4376
vn 0.9055 -0.1018 -0.4120
vn 0.9046 -0.0622 -0.4217
vn 0.9036 -0.2154 -0.3703
vn 0.9710 0.2362 -0.0377
vn 0.9660 -0.1052 -0.2361
vn 0.9668 -0.1215 -0.2248
vn 0.9662 -0.1045 -0.2354
vn 0.9818 0.0340 -0.1870
vn 0.6468 0.1532 -0.7472
vn 0.6309 0.1768 -0.7555
vn 0.9272 -0.0897 -0.3638
vn 0.9083 -0.1274 -0.3985
vn 0.9074 -0.1046 -0.4070
vn 0.6637 0.2105 -0.7178
vn 0.5514 0.1071 -0.8273
vn 0.8744 -0.0610 -0.4814
vn 0.8387 0.0085 -0.5446
vn 0.8374 -0.0377 -0.5453
vn 0.8386 -0.0020 -0.5448
vn 0.9124 0.1520 -0.3801
vn 0.9845 -0.0901 -0.1503
vn 0.9849 -0.0852 -0.1508
vn 0.9842 -0.0945 -0.1497
vn 0.6585 0.2668 -0.7037
vn 0.8435 0.0045 -0.5370
vn 0.8391 0.0080 -0.5439
vn 0.8432 0.0025 -0.5375
vn 0.8386 0.0086 -0.5446
vn 0.3666 0.1519 -0.9179
vn 0.9853 -0.0786 -0.1516
vn 0.9617 -0.2146 -0.1707
vn 0.9636 -0.1964 -0.1814
vn 0.9075 -0.1971 -0.3709
vn 0.7100 -0.0010 -0.7042
vn 0.6980 0.0225 -0.7157
vn 0.6805 -0.0183 -0.7325
vn 0.6842 -0.0359 -0.7284
vn 0.9667 -0.1032 -0.2341
vn 0.7322 0.1695 -0.6597
vn 0.6942 0.1445 -0.7051
vn 0.6269 0.0549 -0.7772
vn 0.7473 0.0968 -0.6574
vn 0.7132 0.0614 -0.6982
vn 0.9630 0.1764 -0.2037
vn 0.9832 0.1038 -0.1499
vn 0.9770 0.1299 -0.1693
vn 0.5747 0.0204 -0.8181
vn 0.5767 0.0206 -0.8167
vn 0.9620 -0.2719 0.0234
vn 0.9924 0.0526 -0.1116
vn 0.9478 0.1762 -0.2659
vn 0.8440 0.0025 -0.5363
vn 0.8428 0.0005 -0.5382
vn 0.8432 -0.0001 -0.5377
vn 0.8433 0.0007 -0.5374
vn 0.8439 -0.0002 -0.5365
vn 0.8445 0.0037 -0.5355
vn 0.7503 0.0631 -0.6581
vn 0.7677 0.1653 -0.6191
vn 0.7307 -0.3382 -0.5931
vn 0.8418 -0.0091 -0.5397
vn 0.8411 -0.0114 -0.5407
vn 0.8960 -0.4239 -0.1325
vn 0.9212 -0.3678 -0.1270
vn 0.9377 -0.3250 -0.1226
vn 0.7169 0.0064 -0.6972
vn 0.3817 -0.4318 -0.8172
vn 0.9478 0.1808 -0.2626
vn 0.9540 0.1900 -0.2321
vn 0.9571 0.1952 -0.2143
vn 0.9087 -0.2877 -0.3023
vn 0.8547 0.0127 -0.5190
vn 0.8344 0.0059 -0.5511
vn 0.8359 -0.0101 -0.5488
vn 0.8363 -0.0069 -0.5483
vn 0.8784 -0.2213 -0.4237
vn 0.9364 -0.1878 -0.2965
vn 0.9287 -0.1927 -0.3169
vn 0.9162 -0.2002 -0.3471
vn 0.9092 -0.2063 -0.3616
vn 0.9087 -0.2099 -0.3609
vn 0.9099 -0.2069 -0.3596
vn 0.8440 -0.0013 -0.5363
vn 0.8841 0.0527 -0.4643
vn 0.8375 -0.0021 -0.5464
vn 0.8413 -0.0109 -0.5405
vn 0.8372 -0.0256 -0.5463
vn 0.8383 -0.0215 -0.5447
vn 0.8365 -0.0160 -0.5477
vn 0.8353 -0.0180 -0.5495
vn 0.8451 0.0200 -0.5343
vn 0.6747 0.4100 -0.6138
vn 0.6739 0.4414 -0.5925
vn 0.6743 0.4308 -0.5998
vn 0.8683 0.1856 -0.4600
vn 0.8991 0.2400 -0.3660
vn 0.8863 0.2168 -0.4092
vn 0.7426 -0.0800 -0.6649
vn 0.7547 -0.1338 -0.6423
vn 0.7583 -0.0847 -0.6464
vn 0.8016 -0.3151 -0.5080
vn 0.8298 -0.2669 -0.4901
vn 0.7831 -0.3365 -0.5230
vn 0.8111 0.1553 -0.5639
vn 0.8341 0.1218 -0.5379
vn 0.8445 0.1389 -0.5172
vn 0.8508 0.1706 -0.4970
vn 0.8622 0.1884 -0.4702
vn 0.8074 -0.3118 -0.5009
vn 0.7606 -0.3503 -0.5466
vn 0.7580 -0.4018 -0.5138
vn 0.8086 -0.3341 -0.4843
vn 0.8416 0.3426 -0.4176
vn 0.7480 -0.0151 -0.6636
vn 0.7854 -0.0552 -0.6166
vn 0.8547 -0.3036 -0.4212
vn 0.8604 -0.3041 -0.4089
vn 0.8552 -0.3036 -0.4200
vn 0.7567 -0.3514 -0.5513
vn 0.7615 -0.3436 -0.5497
vn 0.7728 -0.3244 -0.5454
vn 0.7758 -0.3193 -0.5443
vn 0.7519 -0.1140 -0.6493
vn 0.8746 -0.2664 -0.4051
vn 0.8839 -0.2518 -0.3941
vn 0.5929 -0.3387 -0.7306
vn 0.5894 -0.3470 -0.7295
vn 0.5986 -0.3250 -0.7322
vn 0.7008 -0.5513 -0.4527
vn 0.6020 -0.3165 -0.7331
vn 0.7801 -0.2998 -0.5492
vn 0.8350 -0.2679 -0.4807
vn 0.8633 0.0999 -0.4948
vn 0.8216 0.3787 -0.4260
vn 0.8223 0.3689 -0.4333
vn 0.8452 0.2581 -0.4681
vn 0.8426 0.2655 -0.4685
vn 0.8585 0.1775 -0.4811
vn 0.9166 0.2326 -0.3253
vn 0.9134 0.2142 -0.3462
vn 0.8839 0.1093 -0.4547
vn 0.9212 -0.1844 -0.3426
vn 0.7455 0.3417 -0.5722
vn 0.7218 0.3622 -0.5897
vn 0.7890 0.1662 -0.5915
vn 0.9150 0.1292 -0.3822
vn 0.9575 -0.0250 -0.2873
vn 0.9391 -0.0672 -0.3371
vn 0.9407 -0.0717 -0.3315
vn 0.9551 -0.0434 -0.2931
vn 0.9008 0.4278 0.0747
vn 0.9949 -0.0944 0.0350
vn 0.6997 0.3240 -0.6368
vn 0.6577 0.2904 -0.6950
vn 0.7169 0.3382 -0.6097
vn 0.8340 0.0626 -0.5482
vn 0.8302 0.0818 -0.5515
vn 0.9913 -0.1171 0.0609
vn 0.8464 0.4433 -0.2952
vn 0.8760 -0.4247 -0.2285
vn 0.8818 -0.4202 -0.2139
vn 0.8758 -0.4249 -0.2290
vn 0.9720 -0.1039 -0.2108
vn 0.9420 0.0031 -0.3355
vn 0.9429 -0.0060 -0.3329
vn 0.9293 0.0102 -0.3692
vn 0.9385 0.0406 -0.3429
vn 0.9442 0.0399 -0.3270
vn 0.9379 0.0945 -0.3336
vn 0.9244 0.0494 -0.3782
vn 0.9399 0.0223 -0.3407
vn 0.7417 0.3593 -0.5663
vn 0.8492 -0.0399 -0.5266
vn 0.8554 -0.1571 -0.4935
vn 0.8806 0.4593 -0.1168
vn 0.6277 -0.5552 -0.5456
vn 0.9595 0.1411 -0.2439
vn 0.7089 0.2244 -0.6687
vn 0.7676 -0.1334 -0.6268
vn 0.8127 -0.0571 -0.5799
vn 0.7900 -0.1040 -0.6042
vn 0.9462 -0.0533 -0.3192
vn 0.9919 0.0034 -0.1271
vn 0.9017 -0.0172 -0.4321
vn 0.8590 0.1839 -0.4777
vn 0.8677 -0.4307 -0.2482
vn 0.8748 0.1415 -0.4633
vn 0.7766 -0.0277 -0.6294
vn 0.7511 -0.1583 -0.6409
vn 0.7925 0.4116 -0.4501
vn 0.8308 0.3792 -0.4073
vn 0.8261 0.4036 -0.3934
vn 0.9035 -0.1296 -0.4085
vn 0.9978 0.0650 0.0137
vn 0.6143 -0.3103 -0.7255
vn 0.9837 0.1106 -0.1416
vn 0.9889 0.1253 -0.0794
vn 0.9692 0.1929 -0.1534
vn 0.7801 0.0338 -0.6247
vn 0.7894 -0.0582 -0.6112
vn 0.7790 -0.0122 -0.6269
vn 0.8399 0.3923 -0.3750
vn 0.8270 0.4516 -0.3349
vn 0.9693 0.1378 -0.2036
vn 0.9830 0.0448 -0.1782
vn 0.9518 -0.0650 -0.2998
vn 0.8246 0.3512 -0.4435
vn 0.8177 0.1355 -0.5595
vn 0.7767 0.1346 -0.6153
vn 0.9594 0.1823 -0.2152
vn 0.9958 0.0451 -0.0791
vn 0.9737 0.0312 -0.2256
vn 0.9422 0.0181 -0.3345
vn 0.9810 0.0554 -0.1862
vn 0.9650 0.1110 -0.2375
vn 0.6025 -0.5520 -0.5764
vn 0.9289 0.1368 -0.3440
vn 0.9028 0.0485 -0.4273
vn 0.9152 -0.0266 -0.4022
vn 0.8717 0.1507 -0.4663
vn 0.7002 -0.1264 -0.7027
vn -0.0026 0.9998 -0.0182
vn 0.0292 0.9538 0.2991
vn 0.2247 0.8763 0.4262
vn 0.8590 0.0328 -0.5109
vn 0.8142 0.0514 -0.5783
vn 0.7288 -0.2190 -0.6487
vn 0.7833 -0.1194 -0.6100
vn 0.7674 -0.1500 -0.6234
vn 0.8785 0.0259 -0.4771
vn 0.9409 -0.0171 -0.3382
vn 0.9182 0.0111 -0.3959
vn 0.6310 0.5635 -0.5332
vn 0.6306 0.5602 -0.5371
vn 0.6308 0.5617 -0.5354
vn 0.8995 0.0311 -0.4358
vn 0.9174 0.0409 -0.3958
vn 0.4321 0.5832 -0.6878
vn 0.4008 0.2796 -0.8724
vn 0.3780 0.2829 -0.8815
vn 0.3630 0.2955 -0.8837
vn 0.4902 0.4325 -0.7568
vn 0.6224 0.0869 -0.7778
vn 0.7324 0.1885 -0.6542
vn 0.7298 0.1919 -0.6562
vn 0.7318 0.1901 -0.6545
vn 0.7295 0.1921 -0.6564
vn 0.6212 0.2616 -0.7387
vn 0.6095 0.4730 -0.6362
vn 0.7326 0.1879 -0.6542
vn 0.3570 0.3038 -0.8833
vn 0.4108 0.2806 -0.8675
vn 0.7102 0.5401 -0.4516
vn 0.8126 -0.0595 -0.5797
vn 0.8168 -0.0523 -0.5746
vn 0.6054 0.3580 -0.7109
vn 0.6962 -0.4531 -0.5567
vn 0.6251 -0.1628 -0.7634
vn 0.6281 -0.1551 -0.7625
vn 0.6180 -0.1715 -0.7673
vn 0.5712 -0.1989 -0.7963
vn 0.5795 -0.1884 -0.7929
vn 0.5684 -0.2064 -0.7964
vn 0.7269 -0.2240 -0.6491
vn 0.9625 0.2061 -0.1764
vn 0.8263 0.2952 -0.4797
vn 0.8321 0.3124 -0.4582
vn 0.8295 0.3043 -0.4684
vn 0.6312 0.5651 -0.5313
vn 0.8229 0.2857 -0.4912
vn 0.9695 0.2449 -0.0080
vn 0.8876 0.1717 -0.4273
vn 0.8982 0.4108 0.1564
vn 0.5332 -0.4400 -0.7226
vn 0.9071 -0.2069 -0.3665
vn 0.9085 -0.2111 -0.3607
vn 0.9091 -0.2132 -0.3578
vn 0.8344 -0.4123 -0.3658
vn 0.8900 -0.4446 -0.1009
vn 0.8939 -0.4327 -0.1167
vn 0.8921 -0.4395 -0.1043
vn 0.8939 -0.4308 -0.1241
vn 0.9558 -0.2858 0.0694
vn 0.9571 -0.2877 0.0340
vn 0.9539 -0.2841 0.0970
vn 0.9794 -0.1767 -0.0981
vn 0.9501 -0.2814 0.1346
vn 0.8877 -0.4492 -0.1012
vn 0.9568 -0.2664 -0.1162
vn 0.9066 -0.1990 -0.3723
vn 0.9066 -0.2028 -0.3701
vn 0.9065 -0.1958 -0.3740
vn 0.7487 0.0446 -0.6614
vn 0.6629 -0.1956 -0.7227
vn 0.6754 -0.2096 -0.7071
vn 0.6599 -0.1519 -0.7358
vn 0.8724 0.1505 -0.4651
vn 0.6856 -0.1004 -0.7210
vn 0.6751 -0.2562 -0.6918
vn 0.6517 -0.2225 -0.7251
vn 0.6802 -0.2534 -0.6879
vn 0.9180 -0.0205 -0.3961
vn 0.8471 0.3488 -0.4010
vn 0.8741 0.3245 -0.3614
vn 0.8635 0.3344 -0.3775
vn 0.8899 0.3088 -0.3359
vn 0.8303 0.2921 -0.4746
vn 0.8526 0.2337 -0.4674
vn 0.8510 0.2388 -0.4677
vn 0.8308 0.2941 -0.4725
vn 0.7546 -0.1495 -0.6389
vn 0.8008 -0.0795 -0.5936
vn 0.8051 -0.0309 -0.5923
vn 0.8139 -0.0224 -0.5806
vn 0.8583 0.0676 -0.5086
vn 0.9576 0.1534 -0.2440
vn 0.9568 0.1534 -0.2469
vn 0.9548 0.1523 -0.2551
vn 0.9541 0.1474 -0.2608
vn 0.8303 0.2969 -0.4717
vn 0.8309 0.2999 -0.4688
vn 0.9539 0.1458 -0.2623
vn 0.8958 0.1350 -0.4235
vn 0.8998 0.1286 -0.4170
vn 0.9349 0.0675 -0.3485
vn 0.7197 -0.2819 -0.6345
vn 0.6378 -0.1830 -0.7482
vn 0.6373 -0.1769 -0.7500
vn 0.5934 -0.1549 -0.7899
vn 0.5802 -0.1620 -0.7982
vn 0.5550 -0.1754 -0.8131
vn 0.7670 -0.2142 -0.6048
vn 0.6661 -0.1180 -0.7365
vn 0.6750 -0.2777 -0.6836
vn 0.7043 -0.1801 -0.6866
vn 0.6923 -0.1696 -0.7014
vn 0.6461 -0.2489 -0.7215
vn 0.6256 -0.3281 -0.7078
vn 0.6138 -0.3590 -0.7031
vn 0.9559 0.2275 -0.1858
vn 0.9552 0.2295 -0.1867
vn 0.9524 0.2248 -0.2058
vn 0.9484 0.2318 -0.2162
vn 0.9632 0.0053 -0.2686
vn 0.9280 0.2633 -0.2634
vn 0.8446 0.4201 -0.3319
vn 0.9392 0.2745 -0.2063
vn 0.8301 0.0282 -0.5569
vn 0.8168 0.0567 -0.5741
vn 0.8184 0.0581 -0.5717
vn 0.8588 0.0495 -0.5099
vn 0.8127 0.0514 -0.5804
vn 0.8080 0.0445 -0.5875
vn -0.3801 0.4594 -0.8028
vn -0.3498 0.5782 -0.7371
vn -0.4047 0.1155 -0.9071
vn -0.3749 0.1082 -0.9207
vn -0.3482 0.1143 -0.9304
vn -0.3881 0.5618 -0.7306
vn -0.3980 0.4413 -0.8043
vn -0.3932 0.4173 -0.8193
vn -0.4052 0.4794 -0.7785
vn -0.1088 0.6819 -0.7233
vn -0.2719 0.3225 -0.9067
vn 0.7076 0.2653 -0.6549
vn -0.2151 0.7986 -0.5621
vn 0.4072 0.6512 -0.6404
vn 0.0335 0.8877 -0.4593
vn -0.4884 0.4177 -0.7662
vn -0.5449 0.3566 -0.7589
vn -0.5797 0.3915 -0.7146
vn -0.5818 0.4129 -0.7007
vn -0.0171 0.9139 -0.4057
vn -0.5947 0.4679 -0.6538
vn -0.5248 0.3368 -0.7817
vn -0.1922 0.8755 -0.4434
vn -0.1347 0.8797 -0.4561
vn -0.1399 0.8936 -0.4264
vn -0.1873 0.8885 -0.4190
vn 0.2327 0.0049 -0.9725
vn 0.2272 0.0063 -0.9738
vn 0.1970 0.0143 -0.9803
vn -0.2288 0.7438 -0.6280
vn -0.3751 0.6183 -0.6907
vn 0.1830 0.0179 -0.9830
vn -0.3199 0.0946 -0.9427
vn -0.3228 0.1054 -0.9406
vn -0.3305 0.1347 -0.9342
vn -0.6652 0.3119 -0.6784
vn -0.1755 0.8794 -0.4425
vn -0.5631 0.8230 -0.0745
vn -0.5818 0.8127 -0.0310
vn -0.5679 0.8204 -0.0669
vn -0.3474 0.8998 -0.2640
vn 0.1065 0.8312 -0.5457
vn -0.5832 0.8119 -0.0261
vn -0.4577 0.3966 -0.7957
vn -0.6922 0.4556 -0.5598
vn -0.5118 0.6989 -0.4995
vn -0.8214 0.2854 -0.4937
vn -0.9107 0.4052 0.0803
vn -0.7872 0.5497 0.2794
vn -0.7877 0.5639 0.2482
vn -0.7579 0.6037 0.2474
vn -0.5521 0.8282 -0.0961
vn -0.8210 0.5235 0.2279
vn -0.8124 0.5369 0.2275
vn -0.0205 0.9198 -0.3920
vn -0.6091 0.7496 -0.2591
vn -0.5958 0.7563 -0.2703
vn -0.5867 0.7652 -0.2648
vn -0.3347 0.7271 -0.5994
vn -0.6207 0.7145 -0.3227
vn -0.6028 0.7577 -0.2501
vn -0.6303 0.7261 -0.2746
vn 0.1322 0.6867 -0.7148
vn -0.4056 0.8565 -0.3191
vn -0.0477 0.5099 -0.8589
vn -0.0139 0.5213 -0.8533
vn 0.0165 0.8545 -0.5192
vn -0.8190 0.3578 0.4487
vn -0.8189 0.5740 -0.0081
vn -0.6322 0.4881 -0.6018
vn -0.6040 0.6041 -0.5199
vn -0.6647 0.5158 -0.5404
vn -0.6373 0.5119 -0.5760
vn -0.6993 0.5385 -0.4702
vn -0.2147 0.8042 -0.5542
vn -0.3018 0.8193 -0.4874
vn -0.2728 0.8154 -0.5106
vn -0.4833 0.5396 -0.6894
vn -0.1435 0.9047 -0.4011
vn -0.1302 0.8908 -0.4354
vn -0.6233 0.4376 -0.6481
vn -0.6331 0.4481 -0.6311
vn -0.4629 0.5532 -0.6926
vn -0.5287 0.6655 -0.5268
vn -0.4940 0.6862 -0.5340
vn 0.1590 0.6044 -0.7807
vn -0.4997 0.5911 -0.6332
vn -0.2611 0.8803 -0.3961
vn 0.0134 0.9066 -0.4219
vn 0.0124 0.9113 -0.4116
vn -0.1588 0.9193 -0.3601
vn -0.5418 -0.0658 -0.8379
vn 0.2023 -0.9618 -0.1845
vn 0.2081 -0.9661 -0.1527
vn 0.2333 -0.9532 -0.1923
vn 0.2112 -0.9653 -0.1536
vn 0.1830 -0.9758 -0.1197
vn -0.3071 -0.9312 0.1965
vn -0.2658 -0.9511 0.1576
vn -0.3148 -0.9278 0.2001
vn 0.2515 -0.8446 0.4727
vn -0.0336 -0.9659 -0.2567
vn 0.1889 -0.9693 -0.1575
vn 0.2367 -0.9573 -0.1661
vn 0.1868 -0.9687 -0.1638
vn 0.2030 -0.9600 -0.1927
vn 0.2689 -0.9422 -0.2001
vn 0.2683 -0.9431 -0.1965
vn -0.5984 -0.7898 -0.1344
vn -0.6371 -0.7515 -0.1713
vn -0.6709 -0.7126 -0.2052
vn 0.2724 -0.9365 -0.2209
vn -0.3852 -0.8811 0.2745
vn -0.2476 -0.9687 -0.0169
vn -0.1915 -0.9809 -0.0331
vn -0.1856 -0.9820 -0.0347
vn -0.1996 -0.8749 0.4412
vn -0.2604 -0.9495 0.1749
vn -0.2129 -0.9681 0.1318
vn -0.2554 -0.9614 0.1020
vn -0.0986 -0.9934 -0.0592
vn 0.2599 -0.9564 -0.1331
vn -0.5424 -0.0425 -0.8390
vn -0.3665 -0.7319 -0.5745
vn -0.6946 -0.6816 -0.2302
vn -0.5897 -0.3586 -0.7236
vn -0.5891 -0.3585 -0.7242
vn -0.5888 -0.3584 -0.7244
vn -0.2206 -0.7216 -0.6562
vn -0.5881 -0.3583 -0.7251
vn -0.0244 -0.6781 -0.7346
vn -0.0504 -0.6879 -0.7240
vn -0.0533 -0.6889 -0.7229
vn -0.3988 -0.8552 -0.3310
vn -0.4278 -0.6704 -0.6063
vn -0.4882 -0.6548 -0.5770
vn -0.4295 -0.6700 -0.6054
vn -0.1662 -0.8453 -0.5078
vn -0.6850 -0.6571 -0.3147
vn -0.0797 -0.6982 -0.7114
vn -0.8213 -0.0382 -0.5693
vn -0.2677 0.0416 -0.9626
vn 0.0086 -0.9999 -0.0059
vn 0.0307 -0.9995 -0.0107
vn -0.5379 -0.0324 -0.8424
vn -0.2772 -0.8252 -0.4921
vn -0.3838 -0.6934 -0.6099
vn -0.3790 -0.7071 -0.5969
vn -0.3823 -0.6977 -0.6058
vn -0.3854 -0.6884 -0.6144
vn 0.0028 -1.0000 0.0083
vn 0.0091 -0.9999 0.0141
vn 0.0110 -0.9988 0.0470
vn -0.9022 -0.2674 0.3385
vn -0.8088 -0.3913 0.4390
vn -0.7847 -0.3288 0.5255
vn -0.4517 -0.8233 -0.3437
vn -0.0048 -1.0000 -0.0041
vn -0.0028 -0.9998 0.0197
vn 0.3925 0.4486 -0.8029
vn 0.0176 0.8787 -0.4770
vn 0.5075 0.7146 -0.4814
vn -0.1783 0.6303 -0.7556
vn 0.4556 0.1052 -0.8839
vn -0.9740 -0.0277 0.2250
vn -0.9792 -0.0024 0.2029
vn -0.9906 0.0053 0.1364
vn -0.9911 0.0529 0.1225
vn -0.9798 0.0202 0.1992
vn -0.9686 0.0000 0.2486
vn -0.9623 -0.0054 0.2718
vn -0.9688 -0.0009 0.2478
vn -0.9728 -0.0090 0.2313
vn -0.9728 -0.0088 0.2315
vn -0.9682 -0.0540 0.2441
vn -0.9678 0.0043 0.2516
vn -0.5362 0.0035 -0.8441
vn -0.5348 0.0240 -0.8446
vn -0.5342 0.0118 -0.8453
vn -0.5350 0.0065 -0.8448
vn -0.6760 0.0285 -0.7363
vn -0.5929 0.0295 -0.8048
vn -0.5607 0.0312 -0.8274
vn -0.6847 0.0178 -0.7286
vn -0.5693 -0.0076 -0.8221
vn -0.7129 0.0580 -0.6988
vn -0.7036 0.0447 -0.7092
vn -0.4427 0.5829 -0.6814
vn -0.5804 0.4292 -0.6920
vn -0.9395 0.1050 -0.3260
vn -0.9531 -0.0108 0.3025
vn -0.9500 -0.0109 0.3121
vn -0.8752 -0.0104 0.4837
vn -0.5292 0.0127 -0.8484
vn -0.9557 0.0000 0.2942
vn -0.6985 0.0376 -0.7146
vn 0.7439 -0.2149 -0.6328
vn 0.7596 -0.2271 -0.6094
vn 0.7558 -0.2241 -0.6152
vn -0.7951 -0.2464 0.5541
vn 0.4437 -0.5283 -0.7240
vn 0.4685 -0.5487 -0.6924
vn 0.4797 -0.5543 -0.6801
vn 0.7730 -0.2377 -0.5882
vn 0.7649 -0.3919 -0.5112
vn 0.4152 -0.5062 -0.7558
vn -0.3359 -0.7020 -0.6280
vn -0.3651 -0.6841 -0.6314
vn -0.3736 -0.6826 -0.6281
vn -0.3916 -0.6781 -0.6220
vn -0.2113 -0.7518 -0.6247
vn 0.3902 -0.4809 -0.7852
vn -0.9704 -0.0000 0.2416
vn -0.9739 -0.0131 0.2265
vn -0.6493 -0.0269 -0.7600
vn -0.9774 -0.0277 0.2096
vn -0.9702 -0.1923 0.1476
vn -0.8998 -0.1978 0.3889
vn -0.4192 -0.8595 0.2926
vn -0.7790 -0.3994 0.4833
vn -0.0106 -0.9999 -0.0020
vn -0.0099 -0.9999 -0.0018
vn -0.0212 -0.9997 0.0087
vn -0.0107 -0.9999 0.0041
vn -0.6371 -0.6299 0.4441
vn -0.6682 -0.5892 0.4543
vn -0.6547 -0.6074 0.4499
vn -0.6816 -0.5703 0.4584
vn -0.7845 -0.3722 0.4961
vn -0.7716 -0.4076 0.4884
vn -0.7716 -0.4068 0.4890
vn -0.7719 -0.4048 0.4902
vn -0.7920 -0.3462 0.5029
vn -0.8081 -0.2894 0.5131
vn -0.9091 0.3722 0.1870
vn -0.9151 0.3640 0.1736
vn -0.9217 0.3543 0.1579
vn -0.9023 0.3810 0.2016
usemtl Material
s 1
f 119/1/1 281/2/2 1052/3/3
f 97/4/4 141/5/5 1094/6/6 1084/7/4
f 2/8/7 1597/9/8 1599/10/9
f 1613/11/10 618/12/11 5/13/12 1615/14/13
f 1/15/14 1601/16/15 1537/17/15 1547/18/15 3/19/16
f 4/20/17 610/21/18 611/22/19 609/23/20 613/24/17 615/25/17 616/26/17 617/27/17 614/28/17
f 7/29/21 1588/30/21 9/31/21 1582/32/21
f 16/33/22 17/34/22 18/35/22
f 19/36/23 20/37/24 21/38/25
f 1040/39/26 1050/40/27 1056/41/28
f 16/42/29 788/43/30 122/44/31
f 273/45/32 269/46/33 96/47/34
f 1507/48/35 757/49/36 1544/50/37
f 23/51/38 1085/52/38 1088/53/38 1039/54/38
f 1588/55/39 1587/56/40 1591/57/41
f 307/58/42 27/59/43 30/60/44
f 2/8/45 329/61/45 1537/62/45
f 69/63/46 1052/3/3 1060/64/47
f 21/38/25 1452/65/48 1449/66/49 19/36/23
f 55/67/50 1465/68/51 1466/69/51 1461/70/51 56/71/52
f 10/72/53 754/73/54 752/74/55
f 217/75/56 13/76/57 99/77/58
f 305/78/59 30/60/59 27/59/59
f 27/79/60 31/80/61 1454/81/62
f 32/82/63 58/83/64 1558/84/65 1559/85/66 88/86/67
f 72/87/68 1447/88/68 63/89/68 79/90/69 64/91/70 80/92/71 65/93/71 81/94/71 66/95/72 82/96/68 67/97/68
f 951/98/73 954/99/74 953/100/75 950/101/76
f 221/102/77 20/37/78 203/103/79
f 189/104/80 168/105/80 167/106/80 166/107/80 165/108/80 164/109/80 162/110/80 108/111/80
f 373/112/81 371/113/82 52/114/83 370/115/84
f 13/76/57 1469/116/85 212/117/86
f 55/67/50 56/71/52 89/118/87
f 34/119/88 66/95/72 81/94/71 65/93/71 80/92/71 64/91/70
f 58/83/64 85/120/89 59/121/89 33/122/90 1558/84/65
f 71/123/91 1445/124/92 1439/125/93 1438/126/94
f 55/67/95 1469/116/85 1467/127/96 1465/68/96
f 87/128/97 109/129/98 1444/130/99 1163/131/100
f 87/132/101 1175/133/101 1456/134/101 1455/135/101
f 32/82/102 1621/136/102 1620/137/102
f 106/138/103 120/139/103 771/140/104 773/141/105
f 16/33/106 105/142/107 49/143/108
f 376/144/109 347/145/110 382/146/110 378/147/111
f 104/148/112 105/142/113 120/139/114 136/149/115
f 190/150/116 57/151/117 54/152/118
f 369/153/119 346/154/119 95/155/119 50/156/119
f 109/157/120 1437/158/120 1490/159/121 1451/160/122 1442/161/123
f 1164/162/124 1443/163/124 1442/164/124 114/165/124
f 110/166/125 111/167/126 73/168/127
f 21/169/128 20/170/129 211/171/130
f 114/172/131 1450/173/131 1452/174/131 21/175/131
f 116/176/132 1486/177/133 1485/178/134 115/179/135
f 40/180/136 1255/181/136 1315/182/136 1314/183/137 1304/184/136 1309/185/136 197/186/136 1221/187/136
f 204/188/138 1293/189/136 1294/190/136 1295/191/136 1291/192/136 1281/193/136
f 112/194/139 400/195/140 405/196/141 403/197/142 48/198/143 265/199/144 45/200/144 17/201/144
f 49/143/145 112/194/146 17/201/147 16/33/147
f 45/202/148 266/203/149 44/204/150 791/205/151 18/206/151 17/207/151
f 46/208/152 1318/209/153 1327/210/154 1319/211/155
f 277/212/156 118/213/156 759/214/156 270/215/156
f 1132/216/157 1138/217/158 1156/218/159
f 223/219/160 253/220/161 225/221/162 255/222/163
f 271/223/164 268/224/165 338/225/166
f 100/226/167 117/227/168 10/228/169
f 276/229/170 275/230/171 629/231/172 632/232/172 633/233/172 631/234/173
f 121/235/174 771/140/104 120/139/175 105/142/107 122/236/176
f 121/237/177 775/238/178 778/239/179 786/240/180
f 122/236/176 105/142/107 16/33/106
f 156/241/181 140/242/181 102/243/181
f 123/244/182 345/245/183 136/149/184
f 125/246/185 126/247/185 127/248/185 128/249/185 129/250/185 106/138/185 130/251/185 135/252/185 134/253/185 133/254/185 132/255/185 131/256/185
f 98/257/186 148/258/187 178/259/188 186/260/189 187/261/189 183/262/190
f 106/138/191 773/141/191 772/263/191 124/264/192 130/251/193
f 24/265/194 774/266/195 772/263/196
f 102/243/197 125/246/197 131/256/198 124/264/192 1098/267/197
f 102/243/199 123/244/182 125/246/200
f 123/244/182 120/139/201 106/138/202 129/250/202 128/249/202 127/248/202 126/247/202 125/246/200
f 131/256/198 132/255/203 133/254/203 134/253/203 135/252/203 130/251/193 124/264/192
f 120/139/201 123/244/182 136/149/184
f 95/155/204 346/154/205 345/245/206
f 98/257/207 183/262/207 185/268/207
f 200/269/208 1131/270/209 1154/271/210
f 141/5/211 156/241/211 150/272/211
f 142/273/212 108/111/213 158/274/214
f 145/275/215 153/276/216 157/277/217
f 137/278/218 138/279/219 157/277/220
f 137/278/218 157/277/220 153/276/221
f 157/277/220 138/279/219 154/280/222
f 157/277/217 154/280/223 144/281/224
f 144/281/225 154/280/226 155/282/227 143/283/228
f 139/284/229 140/242/229 156/241/229 155/282/229
f 138/279/230 139/284/230 155/282/227 154/280/226
f 143/283/228 155/282/227 156/241/231 141/5/231
f 150/272/211 156/241/211 102/243/232
f 145/275/215 157/277/217 144/281/224
f 137/278/218 153/276/221 152/285/233
f 145/275/215 152/285/234 153/276/216
f 146/286/235 152/285/234 145/275/215
f 177/287/236 175/288/237 188/289/236
f 98/257/238 185/268/238 184/290/238 151/291/238
f 103/292/239 137/278/240 152/285/241
f 108/111/242 162/110/242 161/293/242
f 148/258/187 181/294/243 182/295/243 178/259/188
f 168/105/244 163/296/244 178/259/244 182/295/244
f 161/293/245 162/110/245 149/297/245 176/298/245
f 169/299/246 174/300/246 173/301/246 172/302/246 171/303/246 163/296/246 95/155/204 123/244/247
f 137/278/218 123/244/248 102/243/248 140/242/248 139/284/248 138/279/219
f 170/304/249 169/299/249 123/244/249 137/278/249 103/292/249
f 108/111/250 161/293/251 175/288/252
f 180/305/253 165/108/253 166/107/253 148/258/253
f 175/288/252 160/306/254 158/274/255 108/111/250
f 175/288/252 177/287/256 176/298/256 151/291/256 184/290/256 159/307/256 160/306/254
f 149/297/257 179/308/257 180/305/257 148/258/187 98/257/186
f 176/298/258 149/297/258 98/257/258 151/291/258
f 185/268/259 183/262/260 169/299/260 170/304/261
f 159/307/262 184/290/262 152/285/234 146/286/235 147/309/262
f 183/262/190 187/261/189 186/260/189 178/259/188 163/296/263 171/303/263 172/302/263 173/301/263 174/300/263 169/299/263
f 184/290/264 185/268/259 170/304/261 103/292/239 152/285/241
f 148/258/265 166/107/265 181/294/265
f 166/107/266 167/106/266 181/294/266
f 167/106/267 168/105/267 182/295/267 181/294/267
f 164/109/268 165/108/269 180/305/270
f 164/109/268 180/305/270 179/308/271
f 162/110/272 164/109/273 179/308/274
f 149/297/275 162/110/272 179/308/274
f 161/293/276 176/298/276 188/289/276
f 176/298/236 177/287/236 188/289/236
f 175/288/276 161/293/276 188/289/276
f 50/156/277 95/155/277 163/296/277 168/105/277 189/104/277
f 191/310/278 107/311/278 215/312/278
f 191/310/279 108/111/279 190/150/279
f 214/313/279 107/311/279 213/314/279
f 108/111/213 142/273/212 57/151/117 190/150/116
f 191/310/279 190/150/279 213/314/279
f 108/111/278 191/310/278 189/104/278
f 94/315/280 1312/316/281 1304/184/282
f 113/317/283 1288/318/284 1290/319/285
f 145/275/286 144/281/287 143/283/287 141/5/288 1131/270/209 200/269/208
f 209/320/289 19/36/289 210/321/289
f 199/322/290 1488/323/291 1470/324/292 1471/325/290
f 158/274/255 160/306/254 159/307/293 147/309/293 146/286/293 145/275/286 198/326/294 57/151/293 142/273/293
f 198/326/294 145/275/286 200/269/208
f 200/269/208 41/327/295 206/328/296 202/329/297
f 43/330/298 207/331/299 208/332/300 201/333/301
f 43/330/298 201/333/301 210/321/302
f 202/329/297 206/328/296 205/334/303
f 198/326/304 205/334/304 208/332/304
f 198/326/305 200/269/306 202/329/297
f 209/320/307 41/327/307 203/103/307
f 41/327/308 42/335/309 203/103/79
f 20/37/24 19/36/23 203/103/310
f 221/336/311 219/337/312 220/338/313
f 192/339/314 1213/340/136 1177/341/136 1275/342/136 1273/343/136 1274/344/136 1293/189/136 204/188/138
f 192/339/314 204/188/138 42/345/315 1139/346/316
f 41/327/317 209/320/317 210/321/317 201/333/317
f 205/334/303 206/328/296 41/327/295 201/333/318
f 205/334/303 198/326/305 202/329/297
f 208/332/300 207/331/299 198/326/319
f 208/332/304 205/334/304 201/333/304
f 19/36/320 209/320/320 203/103/320
f 19/36/321 1449/66/321 1484/347/321 210/321/321
f 113/317/322 114/165/323 211/171/324
f 20/170/325 113/317/322 211/171/324
f 114/165/326 21/169/128 211/171/130
f 92/348/327 212/117/102 55/67/102 89/118/102 93/349/102
f 101/350/102 99/77/328 212/117/102 92/348/327
f 99/77/58 13/76/57 212/117/86
f 215/312/329 362/351/329 365/352/330 51/353/331 372/354/329 50/156/329 189/104/329
f 57/151/332 198/326/319 207/331/299 43/330/298 14/355/332 54/152/332
f 54/152/279 214/313/279 213/314/279 190/150/279
f 107/311/279 191/310/279 213/314/279
f 216/356/333 217/357/56 99/77/58 351/358/334
f 189/104/278 191/310/278 215/312/278
f 355/359/335 357/360/336 358/361/337
f 54/152/338 14/362/339 217/357/56 216/356/333 214/313/338
f 214/313/340 216/356/340 352/363/340 361/364/341 362/351/342 215/312/340 107/311/340
f 218/365/343 15/366/344 1478/367/344 1477/368/345
f 43/330/346 1472/369/346 1473/370/346 14/371/346
f 14/372/347 1473/373/348 1476/374/349
f 42/345/315 204/188/138 219/337/312
f 42/335/309 219/375/350 203/103/79
f 204/188/138 1281/193/136 1300/376/136 1301/377/136 1302/378/136 1283/379/136 1282/380/351 220/338/313
f 219/337/312 204/188/138 220/338/313
f 113/317/322 20/170/325 220/338/313 1282/380/351
f 20/170/325 221/336/311 220/338/313
f 219/375/350 221/102/77 203/103/79
f 47/381/352 406/382/353 407/383/354
f 228/384/355 479/385/356 480/386/356 481/387/356 482/388/356 483/389/356 484/390/356 485/391/356 486/392/356 226/393/357 257/394/358
f 5/13/12 1616/395/102 1615/14/13
f 424/396/359 224/397/360 418/398/361 421/399/362
f 433/400/363 450/401/364 452/402/365 427/403/366 432/404/367
f 101/350/102 92/348/327 91/405/368 284/406/369 229/407/370
f 419/408/371 412/409/371 222/410/371
f 224/397/360 426/411/102 428/412/102 429/413/102 448/414/372 253/220/161
f 489/415/373 488/416/373 238/417/373 236/418/373 237/419/373 251/420/374 246/421/375
f 233/422/376 90/423/377 88/86/378 1571/424/378
f 101/350/102 229/407/370 231/425/379
f 231/425/380 224/397/360 424/396/359
f 99/77/328 101/350/102 231/425/379
f 514/426/381 528/427/381 527/428/381 526/429/381
f 225/221/382 431/430/382 430/431/382 444/432/382 445/433/382 446/434/382
f 232/435/383 283/436/384 287/437/385 286/438/385 285/439/386 90/423/377 233/422/376
f 234/440/387 241/441/388 232/435/383 233/422/376
f 1/15/389 1594/442/390 1581/443/391
f 1/15/389 1593/444/392 1594/442/390
f 1606/445/393 1611/446/394 1618/447/395 260/448/396 515/449/394 528/427/394 514/426/394 533/450/394 487/451/394 256/452/397
f 243/453/398 241/441/388 234/440/387
f 243/453/399 240/454/400 238/417/401 488/416/402 474/455/403
f 238/417/404 240/454/404 239/456/404 248/457/404 237/419/404 236/418/404
f 243/453/405 242/458/406 241/441/407
f 242/458/408 232/435/383 241/441/388
f 240/454/400 243/453/399 245/459/102
f 235/460/409 239/456/409 244/461/409
f 244/461/410 239/456/410 245/459/410
f 234/440/411 244/461/411 243/453/411
f 234/440/412 235/460/412 244/461/412
f 243/453/413 244/461/413 245/459/413
f 239/456/414 240/454/414 245/459/414
f 248/457/415 249/462/416 237/419/417
f 247/463/418 250/464/102 249/462/419
f 247/463/418 235/460/420 1593/444/392 1596/465/421
f 490/466/422 513/467/423 507/468/424
f 249/462/416 251/420/425 237/419/417
f 249/462/419 250/464/102 251/420/374
f 250/464/102 246/421/375 251/420/374
f 235/460/420 247/463/418 249/462/419 248/457/426 239/456/426
f 252/469/427 578/470/428 592/471/429 579/472/430 96/473/431 259/474/432
f 252/469/427 228/384/355 257/394/358
f 223/219/160 255/222/433 228/384/355
f 258/475/434 223/219/160 228/384/355
f 252/469/427 258/475/434 228/384/355
f 264/476/435 254/477/436 48/198/143
f 254/477/437 258/475/434 259/474/432
f 258/475/434 252/469/427 259/474/432
f 96/473/431 267/478/102 48/198/143 259/474/432
f 223/219/160 258/475/434 254/477/437 264/476/435
f 48/198/143 254/477/436 259/474/432
f 408/479/438 401/480/438 404/481/438
f 117/227/439 799/482/440 831/483/440 802/484/440 801/485/440 832/486/440 800/487/441 270/215/442 760/488/443 764/489/444
f 118/213/445 758/490/446 759/214/447
f 281/2/2 793/491/448 44/204/449 333/492/450 332/493/451 341/494/452 280/495/453
f 279/496/454 344/497/455 334/498/456
f 48/499/457 271/223/458 265/500/459
f 272/501/460 118/213/461 277/212/462
f 267/502/463 268/224/464 271/223/458 48/499/457
f 265/500/459 271/223/458 44/204/150 266/203/149 45/202/148
f 269/46/33 118/213/461 272/501/460
f 267/502/463 272/501/460 268/224/464
f 267/502/463 96/47/34 272/501/460
f 96/47/34 269/46/33 272/501/460
f 118/213/461 269/46/33 274/503/465
f 274/503/465 269/46/33 273/45/32
f 5/504/466 604/505/467 581/506/468
f 5/504/469 610/21/470 608/507/471 603/508/472 606/509/469 605/510/473 604/505/474
f 4/20/475 607/511/476 608/507/471
f 275/230/477 118/213/461 274/503/465
f 4/20/478 656/512/478 607/511/478
f 118/213/479 275/230/171 276/229/170 762/513/480
f 10/72/481 117/227/481 769/514/481 761/515/481 276/229/481 753/516/481
f 10/72/482 753/516/482 754/73/482
f 117/227/483 766/517/483 770/518/483 769/514/483
f 268/224/464 272/501/460 277/212/462
f 268/224/484 277/212/484 270/215/484
f 44/204/449 331/519/485 333/492/450
f 44/204/486 271/223/486 336/520/487 331/519/485
f 800/487/441 803/521/488 69/63/46 1060/64/47
f 1052/3/3 281/2/2 280/495/489 1060/64/47
f 279/496/454 334/522/456 342/523/490 332/493/451
f 18/206/491 792/524/492 795/525/493
f 282/526/494 1246/527/136 1247/528/495
f 197/186/136 193/529/136 1222/530/136 1223/531/136 1224/532/136 1225/533/136 1221/187/136
f 40/180/136 282/526/494 1252/534/496 1253/535/136 1255/181/136
f 289/536/497 291/537/498 287/437/499 283/436/500
f 284/406/369 91/405/368 289/536/501
f 90/423/377 285/439/386 288/538/502
f 288/538/503 290/539/504 291/537/505 292/540/506
f 286/438/507 290/539/507 285/439/507
f 291/537/498 286/438/508 287/437/499
f 285/439/509 290/539/509 288/538/509
f 286/438/508 291/537/498 290/539/510
f 292/540/506 291/537/505 289/536/501 91/405/368
f 293/541/511 288/538/503 292/540/506
f 88/86/512 90/423/513 288/538/503 293/541/511
f 32/82/102 293/541/511 1621/136/102
f 32/82/102 88/86/512 293/541/511
f 92/348/327 293/541/511 292/540/506 91/405/368
f 283/436/500 284/406/514 289/536/497
f 31/80/515 1552/542/515 1554/543/515 1448/544/515
f 294/545/516 83/546/517 68/547/518 84/548/519 1463/549/520
f 73/168/521 1493/550/522 72/87/522 294/545/523
f 72/87/524 67/97/524 83/546/517 294/545/516
f 70/551/525 1460/552/525 1459/553/525
f 56/554/526 1464/555/527 1463/549/520 1462/556/526
f 59/557/528 84/548/528 68/547/529 1562/558/530 33/559/528
f 34/119/88 64/91/70 79/90/69 295/560/531
f 295/560/531 79/90/532 63/89/533
f 37/561/534 36/562/534 76/563/534 60/564/534
f 76/563/535 36/562/536 61/565/537
f 36/562/538 35/566/539 77/567/540 61/565/538
f 77/567/540 35/566/539 62/568/541
f 35/566/542 295/560/531 78/569/543 62/568/544
f 35/566/542 34/119/88 295/560/531
f 78/569/543 295/560/531 63/89/533
f 301/570/545 302/571/545 306/572/545
f 317/573/546 314/574/547 1567/575/548 1577/576/549
f 8/577/550 318/578/550 320/579/550 303/580/550 29/581/550 26/582/550 1258/583/550 1586/584/550 1584/585/550
f 304/586/551 298/587/552 299/588/553
f 322/589/554 315/590/555 36/562/556
f 37/561/557 1553/591/557 301/570/557 297/592/557 323/593/557
f 29/581/558 303/580/559 312/594/559
f 316/595/560 318/596/561 8/597/562 1538/598/562
f 25/599/563 1256/600/564 305/78/565 1551/601/566
f 26/582/567 29/581/567 30/60/567 305/78/567
f 28/602/568 25/599/563 1551/601/566 1550/603/569
f 311/604/570 297/592/571 306/572/572
f 297/592/545 301/570/545 306/572/545
f 308/605/573 296/606/574 306/572/575 302/571/573
f 27/79/576 307/607/577 302/571/578
f 308/608/579 307/58/42 30/60/44 29/581/558
f 307/607/577 308/605/580 302/571/578
f 296/609/559 308/608/579 29/581/558
f 300/610/581 309/611/582 299/588/583
f 312/612/584 303/613/585 309/611/586
f 311/604/587 296/606/574 309/611/586
f 304/586/588 299/588/583 310/614/589
f 309/611/586 303/613/585 310/614/590
f 299/588/583 309/611/582 310/614/589
f 303/613/585 304/586/591 310/614/590
f 297/592/571 311/604/570 309/611/582 300/610/581
f 296/606/574 311/604/587 306/572/575
f 296/606/574 312/612/584 309/611/586
f 296/609/559 29/581/558 312/594/559
f 316/595/592 317/573/546 324/615/593 298/587/594
f 8/597/595 1526/616/595 1538/598/595
f 2/8/596 1599/10/597 1598/617/598
f 320/618/599 318/596/561 319/619/599 321/620/599
f 316/595/560 298/587/552 319/619/599
f 318/596/561 316/595/560 319/619/599
f 298/587/552 304/586/551 319/619/599
f 304/586/551 303/613/599 321/620/599
f 303/613/599 320/618/599 321/620/599
f 319/619/599 304/586/551 321/620/599
f 27/79/600 302/571/600 301/570/600 31/80/600
f 323/593/601 322/589/554 36/562/556
f 297/592/602 300/610/602 322/589/602 323/593/602
f 300/610/603 299/588/603 298/587/603 315/590/555 322/589/554
f 36/562/556 37/561/604 323/593/601
f 317/573/546 326/621/605 314/574/547
f 298/587/594 324/615/593 317/573/546 1577/576/549
f 325/622/606 1578/623/607 314/574/547 330/624/607
f 326/621/605 327/625/608 314/574/547
f 327/625/609 328/626/610 330/624/609
f 313/627/611 327/625/608 326/621/605
f 329/628/612 1598/617/598 328/626/610
f 317/573/546 1529/629/613 313/630/611 326/621/605
f 313/630/614 329/628/614 1539/631/614
f 327/625/615 1539/631/615 329/628/615 328/626/615
f 314/574/547 327/625/608 330/624/607
f 328/626/610 325/622/616 330/624/609
f 435/632/617 438/633/617 440/634/617 436/635/617
f 264/476/435 224/397/360 253/220/161 223/219/160
f 334/498/618 339/636/619 270/215/442 337/637/620
f 335/638/621 278/639/622 344/497/623 336/520/624
f 343/640/625 337/637/620 270/215/442 340/641/626
f 332/493/451 333/492/450 279/496/454
f 336/520/487 344/497/455 279/496/454
f 104/148/627 53/642/628 348/643/629
f 335/638/621 268/224/630 339/636/619
f 341/494/452 343/640/631 340/641/632 280/495/453
f 335/638/621 336/520/624 338/225/633
f 338/225/166 336/520/634 271/223/164
f 338/225/633 268/224/630 335/638/621
f 339/636/619 334/498/618 278/639/622 335/638/621
f 339/636/619 268/224/630 270/215/635
f 332/493/451 342/644/636 343/640/631 341/494/452
f 342/644/490 334/498/456 337/637/637 343/640/637
f 331/519/485 336/520/487 279/496/454 333/492/450
f 334/498/618 344/497/623 278/639/622
f 49/143/638 348/643/639 349/645/640
f 345/245/641 346/154/641 136/149/641
f 136/149/115 346/154/642 104/148/112
f 345/245/206 123/244/247 95/155/204
f 53/642/643 370/115/84 52/114/83 380/646/644 347/145/644
f 112/194/146 49/143/145 347/145/645 376/144/646
f 49/143/647 105/142/647 348/643/647
f 105/142/113 104/148/112 348/643/648
f 348/643/639 53/642/649 349/645/640
f 53/642/650 347/145/645 349/645/651
f 347/145/645 49/143/145 349/645/651
f 471/647/652 459/648/652 350/649/652 464/650/652
f 356/651/653 361/364/654 366/652/655
f 216/356/656 351/358/334 355/359/657 367/653/658 352/363/659
f 357/360/336 355/359/335 359/654/660 360/655/661
f 356/651/653 358/361/662 350/649/662 459/648/662 454/656/662 353/657/663
f 51/353/664 363/658/665 353/657/663 455/659/666 462/660/667
f 358/361/668 357/360/669 354/661/670 350/649/668
f 356/651/653 368/662/671 355/359/335 358/361/337
f 351/358/334 99/77/58 359/654/672
f 99/77/673 354/661/670 360/655/674
f 355/359/657 351/358/334 359/654/672
f 354/661/670 357/360/669 360/655/674
f 359/654/660 99/77/675 360/655/661
f 361/364/654 356/651/653 363/658/665 364/663/676
f 362/351/342 361/364/341 364/663/677 365/352/677
f 365/352/330 364/663/678 51/353/331
f 353/657/663 363/658/665 356/651/653
f 364/663/679 363/658/679 51/353/679
f 355/359/335 368/662/671 367/653/680
f 361/364/681 352/363/659 366/652/682
f 368/662/671 356/651/653 366/652/655
f 352/363/659 367/653/658 366/652/682
f 367/653/680 368/662/671 366/652/655
f 369/153/683 373/112/684 370/115/84 53/642/643
f 50/156/685 372/354/685 373/112/684 369/153/683
f 372/354/686 51/353/686 371/113/82 373/112/81
f 383/664/687 382/146/688 347/145/688 380/646/689
f 51/353/690 386/665/690 385/666/691 371/113/82
f 222/410/692 409/667/692 415/668/692
f 222/410/693 414/669/693 409/667/693
f 371/113/82 389/670/694 391/671/695 52/114/83
f 53/642/628 104/148/627 346/154/696 369/153/696
f 396/672/697 387/673/698 399/674/699 394/675/697
f 398/676/700 395/677/700 385/666/691
f 377/678/701 378/147/111 379/679/702 374/680/703
f 377/678/701 376/144/109 378/147/111
f 112/194/139 376/144/109 377/678/701
f 381/681/704 383/664/687 380/646/689 52/114/83 391/671/695
f 374/680/705 379/679/688 383/664/687 381/681/704
f 379/679/702 378/147/111 382/146/706 383/664/706
f 398/676/707 375/682/707 397/683/707
f 391/671/695 389/670/694 388/684/694
f 388/684/694 374/680/705 381/681/704 391/671/695
f 385/666/708 386/665/709 375/682/708
f 390/685/710 384/686/710 399/674/710
f 390/685/691 387/673/711 410/687/712 415/668/713
f 387/673/711 386/665/690 51/353/690 463/688/714 456/689/715 460/690/716 453/691/717
f 385/666/691 395/677/700 389/670/694 371/113/82
f 388/684/694 392/692/700 384/686/700 374/680/705
f 394/675/718 393/693/718 375/682/718
f 396/672/719 394/675/719 375/682/719
f 375/682/700 393/693/700 397/683/700
f 397/683/720 393/693/721 384/686/721 392/692/722
f 375/682/723 386/665/723 387/673/723 396/672/723
f 395/677/724 398/676/724 397/683/724
f 375/682/708 398/676/725 385/666/708
f 397/683/720 392/692/722 388/684/726 389/670/726
f 395/677/727 397/683/727 389/670/727
f 399/674/728 384/686/728 393/693/728 394/675/728
f 399/674/699 387/673/698 390/685/729
f 47/381/352 408/479/730 404/481/731 403/197/142
f 402/694/732 400/195/140 112/194/139 377/678/701 374/680/705
f 403/197/142 404/481/733 401/480/734 414/669/735 411/695/736 264/476/435 48/198/143
f 405/196/141 400/195/140 406/382/353
f 402/694/732 401/480/737 408/479/737 407/383/738
f 407/383/354 408/479/730 47/381/352
f 407/383/738 406/382/353 400/195/140 402/694/732
f 403/197/142 405/196/141 406/382/353 47/381/352
f 416/696/739 412/409/739 413/697/739
f 415/668/713 409/667/740 374/680/705 384/686/700 390/685/691
f 409/667/740 414/669/735 401/480/734 402/694/732 374/680/705
f 411/695/741 414/669/741 222/410/741
f 411/695/736 416/696/742 417/698/742 418/398/742 224/397/360 264/476/435
f 415/668/743 410/687/743 222/410/743
f 410/687/744 419/408/744 222/410/744
f 417/698/745 413/697/746 422/699/747
f 420/700/748 421/399/748 423/701/748
f 420/700/749 413/697/750 419/408/751
f 418/398/752 417/698/745 422/699/747 423/701/752
f 222/410/753 416/696/753 411/695/753
f 413/697/754 417/698/754 416/696/754
f 222/410/755 412/409/755 416/696/755
f 413/697/756 412/409/756 419/408/756
f 422/699/757 413/697/750 420/700/749
f 423/701/758 421/399/758 418/398/758
f 423/701/759 422/699/759 420/700/759
f 99/77/328 424/396/359 425/702/760
f 99/77/328 231/425/379 424/396/359
f 419/408/102 425/702/760 420/700/761
f 425/702/760 424/396/359 421/399/362 420/700/761
f 436/635/762 440/634/762 227/703/763 437/704/764
f 440/634/765 438/633/765 439/705/765 227/703/765
f 443/706/766 429/413/767 441/707/767 427/708/366
f 224/397/360 231/425/380 434/709/768 435/632/102 436/635/102 437/704/102 426/411/102
f 427/403/366 452/402/365 230/710/769 229/407/370 284/406/369 283/436/384 232/435/383
f 443/706/766 427/708/366 232/435/383 228/384/770 442/711/771
f 434/709/772 438/633/772 435/632/772
f 432/404/773 439/705/774 433/400/775
f 433/400/776 439/705/776 438/633/776 434/709/776
f 432/404/773 227/703/777 439/705/774
f 437/704/764 227/703/763 426/411/778
f 426/411/778 227/703/763 441/707/779 428/412/779
f 427/708/780 441/707/780 227/703/780 432/404/780
f 428/412/781 441/707/781 429/413/781
f 446/434/782 445/433/783 444/432/784 447/712/785
f 447/712/785 444/432/784 442/711/786 228/384/786 255/222/786 225/221/786 446/434/782
f 442/711/787 444/432/787 443/706/787
f 443/706/788 444/432/788 430/431/788 429/413/788
f 430/431/789 448/414/789 429/413/789
f 253/220/161 448/414/372 430/431/790 431/430/790 225/221/162
f 229/407/370 230/710/769 449/713/791
f 434/709/768 231/425/380 451/714/792
f 433/400/363 434/709/793 451/714/794 450/401/364
f 231/425/379 229/407/370 449/713/791
f 470/715/795 465/716/796 457/717/797 461/718/798
f 452/402/365 450/401/364 230/710/769
f 451/714/799 231/425/799 449/713/799
f 450/401/364 451/714/794 449/713/791 230/710/769
f 472/719/800 354/661/800 99/77/800
f 469/720/801 466/721/801 458/722/801 467/723/801
f 466/721/802 468/724/802 458/722/802
f 455/659/803 353/657/803 454/656/803 468/724/803 466/721/803
f 463/688/714 469/720/804 467/723/805 456/689/715
f 51/353/664 462/660/667 469/720/804 463/688/714
f 462/660/806 455/659/806 466/721/806 469/720/806
f 460/690/716 470/715/795 461/718/798 453/691/717
f 456/689/715 467/723/805 470/715/795 460/690/716
f 467/723/807 458/722/807 465/716/807 470/715/807
f 465/716/808 471/647/808 464/650/808 457/717/808
f 458/722/809 468/724/809 471/647/809 465/716/809
f 468/724/810 454/656/810 459/648/810 471/647/810
f 387/673/711 425/702/811 419/408/812 410/687/712
f 425/702/813 464/650/813 472/719/813
f 453/691/717 461/718/798 457/717/797 464/650/814 425/702/811 387/673/711
f 99/77/813 425/702/813 472/719/813
f 464/650/800 350/649/800 354/661/800 472/719/800
f 474/455/815 475/725/815 242/458/406 243/453/405
f 490/466/816 511/726/816 489/415/816 246/421/816 1595/727/816 1602/728/817 473/729/816
f 475/725/818 476/730/818 501/731/818 500/732/818 477/733/818 503/734/818 478/735/818 228/384/770 232/435/383 242/458/408
f 479/385/819 491/736/820 480/386/821
f 480/386/822 491/736/823 492/737/824 493/738/825 482/388/826 481/387/822
f 492/737/824 491/736/823 494/739/827 493/738/825
f 228/384/828 491/736/820 479/385/819
f 478/735/829 494/739/829 491/736/829
f 491/736/830 228/384/830 478/735/830
f 477/733/831 502/740/831 493/738/831 503/734/831
f 483/389/832 495/741/832 499/742/832 484/390/832
f 498/743/833 499/742/833 495/741/833 496/744/833 497/745/833
f 484/390/834 499/742/834 498/743/834 497/745/834 486/392/834 485/391/834
f 477/733/835 495/741/835 483/389/835 502/740/835
f 500/732/836 495/741/837 477/733/838
f 501/731/839 496/744/839 495/741/837 500/732/836
f 476/730/840 497/745/840 496/744/840 501/731/840
f 493/738/825 502/740/841 483/389/841 482/388/826
f 503/734/842 493/738/842 494/739/842 478/735/842
f 473/729/843 508/746/843 490/466/843
f 474/455/403 488/416/402 489/415/844
f 489/415/845 511/726/846 512/747/847
f 226/393/848 486/392/849 506/748/850 505/749/848
f 475/725/851 506/748/851 497/745/851 476/730/851
f 475/725/852 474/455/852 504/750/852 505/749/852
f 490/466/422 508/746/853 513/467/423
f 226/393/854 504/750/855 509/751/856 507/468/856
f 504/750/857 474/455/857 510/752/857
f 505/749/858 504/750/855 226/393/854
f 505/749/859 506/748/859 475/725/859
f 497/745/860 506/748/850 486/392/849
f 509/751/861 504/750/861 510/752/861 512/747/861
f 487/451/862 508/746/863 256/452/864
f 507/468/865 487/451/865 530/753/865 517/754/865 226/393/865
f 508/746/866 473/729/866 256/452/866
f 507/468/867 509/751/867 490/466/867
f 512/747/868 510/752/868 489/415/868
f 512/747/847 511/726/846 490/466/869 509/751/869
f 510/752/870 474/455/870 489/415/870
f 513/467/871 508/746/863 487/451/862
f 507/468/872 513/467/871 487/451/862
f 566/755/873 561/756/873 565/757/873
f 521/758/874 525/759/875 524/760/876 522/761/877
f 523/762/878 524/760/879 260/448/880
f 487/451/881 533/450/881 531/763/881 530/753/881
f 519/764/882 529/765/882 526/429/883 520/766/884
f 526/429/883 527/428/885 520/766/884
f 520/766/884 527/428/885 521/758/886
f 527/428/887 528/427/887 515/449/887 525/759/875 521/758/874
f 530/753/888 531/763/889 532/767/890 517/754/888
f 526/429/891 529/765/892 514/426/893
f 532/767/890 531/763/889 529/765/894 519/764/894 518/768/894
f 531/763/895 533/450/895 514/426/893 529/765/892
f 260/448/880 534/769/896 550/770/897 523/762/878
f 260/448/898 524/760/898 525/759/898 515/449/898
f 542/771/899 566/755/899 565/757/899 549/772/899
f 522/761/877 524/760/876 523/762/900
f 566/755/901 573/773/902 572/774/903 539/775/901 561/756/901
f 517/754/904 532/767/904 518/768/904 519/764/904 520/766/904 521/758/874 522/761/877 523/762/900 550/770/897 569/776/905 552/777/906 571/778/907 551/779/908 548/780/909 547/781/910 546/782/904 545/783/904 544/784/904 543/785/911 587/786/912 588/787/913 261/788/914 257/394/358 226/393/357
f 516/789/915 542/771/916 549/772/916 548/780/909 551/779/908
f 547/781/917 553/790/917 564/791/918 546/782/919
f 548/780/909 263/792/920 553/790/920 547/781/910
f 565/757/921 561/756/922 563/793/923 554/794/924
f 553/790/925 263/792/925 549/772/925
f 555/795/926 560/796/927 556/797/928
f 557/798/929 568/799/930 567/800/930 558/801/931
f 559/802/932 562/803/932 560/796/932
f 560/796/927 555/795/926 563/793/923
f 563/793/923 561/756/922 560/796/927
f 558/801/933 567/800/934 562/803/934 559/802/935
f 554/794/924 563/793/923 555/795/926
f 560/796/936 562/803/936 568/799/936 557/798/936
f 561/756/937 539/775/938 559/802/939 560/796/937
f 559/802/935 540/804/940 541/805/940 558/801/933
f 540/804/941 559/802/939 539/775/938
f 546/782/919 564/791/918 554/794/942
f 554/794/943 555/795/943 545/783/943 546/782/943
f 564/791/944 553/790/944 549/772/944
f 549/772/945 263/792/945 548/780/945
f 556/797/928 560/796/927 557/798/946
f 544/784/947 556/797/947 557/798/947 543/785/947
f 545/783/948 555/795/948 556/797/948 544/784/948
f 262/806/949 557/798/929 558/801/931 541/805/950
f 543/785/951 557/798/929 262/806/949
f 549/772/952 565/757/952 554/794/952 564/791/952
f 551/779/953 571/778/953 577/807/953
f 567/800/954 568/799/954 562/803/954
f 536/808/955 575/809/956 570/810/957
f 569/776/905 550/770/897 535/811/958
f 535/811/959 536/808/955 570/810/957
f 570/810/957 552/777/906 569/776/905
f 535/811/958 550/770/897 534/769/896
f 570/810/957 569/776/905 535/811/958
f 537/812/960 571/778/907 552/777/906 575/809/956
f 538/813/961 573/773/961 574/814/961
f 516/789/915 551/779/908 574/814/962
f 572/774/903 573/773/902 538/813/963
f 542/771/964 573/773/964 566/755/964
f 574/814/965 573/773/965 542/771/965 516/789/965
f 574/814/962 551/779/908 538/813/966
f 575/809/956 536/808/955 537/812/960
f 570/810/957 575/809/956 552/777/906
f 537/812/967 576/815/967 577/807/967
f 577/807/968 571/778/968 537/812/968
f 577/807/969 576/815/970 538/813/966 551/779/908
f 262/806/971 599/816/972 601/817/973
f 578/470/428 252/469/427 257/394/358 261/788/914 590/818/974
f 579/819/975 580/820/976 273/45/32 96/47/34
f 588/787/913 602/821/977 261/788/914
f 581/822/978 585/823/979 584/824/980 582/825/981 1616/395/102 5/13/12
f 587/786/982 600/826/983 598/827/984
f 261/788/914 594/828/985 590/818/974
f 590/818/986 594/828/986 596/829/986 578/470/986
f 578/470/428 593/830/987 592/471/429
f 592/471/429 584/824/980 585/823/979 581/822/978 670/831/988 668/832/988 579/472/430
f 584/824/980 592/471/429 593/830/987
f 584/824/980 593/830/987 582/825/981
f 582/825/989 593/830/989 596/829/989 591/833/989
f 594/828/985 261/788/914 589/834/990 583/835/991
f 595/836/992 594/828/985 583/835/991
f 596/829/993 593/830/993 578/470/993
f 596/829/994 594/828/994 595/836/994 591/833/994
f 598/827/995 588/787/995 587/786/995
f 597/837/996 602/821/997 598/827/997
f 598/827/998 586/838/998 597/837/998
f 587/786/912 601/817/973 600/826/999
f 598/827/984 600/826/983 586/838/984
f 601/817/973 587/786/912 543/785/911 262/806/971
f 600/826/999 601/817/973 599/816/972 586/838/1000
f 598/827/997 602/821/997 588/787/1001
f 261/788/914 602/821/977 597/837/1002 589/834/990
f 581/506/468 604/505/467 669/839/1003 670/840/1004
f 604/505/474 605/510/473 671/841/1005 669/839/1005
f 608/507/471 607/511/476 603/508/472
f 603/508/1006 679/842/1007 658/843/1008 657/844/1009
f 609/23/20 611/22/19 610/21/18 5/504/1010 612/845/1010
f 608/507/471 610/21/470 4/20/475
f 614/28/1011 617/27/1011 616/26/1011 615/25/1011 613/24/1011 1604/846/1011 1605/847/1011
f 612/848/1012 618/12/1013 619/849/1014 613/850/1015 609/851/1016
f 620/852/1017 627/853/1017 626/854/1017 625/855/1017 624/856/1017 623/857/1017 622/858/1017 621/859/1017 614/860/1017 1605/861/1017 1603/862/1017
f 634/863/1018 653/864/1018 652/865/1019 639/866/1020
f 580/820/976 674/867/1021 675/868/1022 630/869/1023 273/45/32
f 628/870/1024 629/231/1025 275/230/477 274/503/465
f 630/869/1023 628/870/1024 274/503/465 273/45/32
f 742/871/1026 741/872/1027 740/873/1028
f 635/874/1029 631/234/1029 650/875/1029
f 647/876/1030 681/877/1030 649/878/1030
f 641/879/1031 643/880/1032 642/881/1033
f 642/881/1033 643/880/1032 651/882/1034
f 643/880/1032 641/879/1031 653/864/1035
f 636/883/1036 643/880/1036 637/884/1036
f 4/20/1037 621/859/1038 655/885/1039
f 641/879/1040 642/881/1041 645/886/1042
f 644/887/1043 648/888/1043 659/889/1043
f 645/886/1042 654/890/1044 641/879/1040
f 645/886/1045 642/881/1045 644/887/1045 646/891/1045
f 644/887/1046 642/881/1047 651/882/1047 650/875/1048
f 646/891/1049 624/856/1049 625/855/1049 645/886/1049
f 646/891/1050 644/887/1050 663/892/1050
f 647/876/1051 649/878/1051 676/893/1051
f 632/232/1052 649/878/1053 648/888/1054 633/233/1055
f 650/875/1056 651/882/1056 635/874/1056
f 651/882/1057 643/880/1057 636/883/1057 635/874/1057
f 650/875/1048 648/888/1058 644/887/1046
f 650/875/1059 631/234/1059 633/233/1059 648/888/1059
f 653/864/1035 634/863/1060 637/884/1060 643/880/1032
f 652/865/1061 654/890/1062 627/853/1063
f 654/890/1064 652/865/1064 653/864/1064 641/879/1064
f 654/890/1062 645/886/1065 625/855/1065 626/854/1065 627/853/1063
f 655/885/1066 622/858/1066 623/857/1066 663/892/1066
f 622/858/1067 655/885/1039 621/859/1038
f 621/859/1068 4/20/1068 614/860/1068
f 656/512/1069 659/889/1070 677/894/1071
f 607/511/1072 656/512/1073 677/894/1074 678/895/1075
f 657/844/1076 606/509/1077 603/508/1078
f 658/843/1079 647/876/1079 676/896/1079 666/897/1079
f 657/844/1009 658/843/1008 666/897/1080 672/898/1081
f 659/889/1082 656/512/1082 661/899/1082
f 655/885/1083 660/900/1084 4/20/1085
f 659/889/1086 648/888/1054 649/878/1053
f 644/887/1087 659/889/1087 662/901/1087
f 4/20/1088 660/900/1088 661/899/1088
f 662/901/1089 659/889/1089 661/899/1089
f 656/512/1090 4/20/1090 661/899/1090
f 660/900/1091 662/901/1091 661/899/1091
f 660/900/1092 644/887/1092 662/901/1092
f 663/892/1093 644/887/1093 660/900/1084 655/885/1083
f 663/892/1094 623/857/1094 624/856/1094 646/891/1094
f 664/902/1095 667/903/1096 628/870/1096 630/869/1097
f 665/904/1098 673/905/1099 674/867/1021 580/820/976
f 666/897/1100 676/896/1100 667/903/1100
f 667/903/1101 676/896/1101 629/231/1101 628/870/1101
f 668/906/1102 665/904/1102 580/820/1102 579/819/1102
f 669/839/1103 671/841/1103 673/905/1099 665/904/1098
f 670/840/1004 669/839/1003 665/904/1104 668/906/1104
f 671/841/1105 605/510/1105 606/509/1105
f 672/898/1106 671/841/1106 606/509/1077 657/844/1076
f 672/898/1081 666/897/1080 667/903/1107 664/902/1107
f 673/905/1108 672/898/1108 664/902/1108
f 672/898/1108 673/905/1108 671/841/1108
f 674/867/1021 673/905/1099 675/868/1109
f 675/868/1109 673/905/1099 664/902/1095 630/869/1097
f 676/893/1110 649/878/1053 632/232/1052 629/231/1110
f 678/895/1075 677/894/1074 680/907/1111 679/842/1007
f 679/842/1007 647/876/1112 658/843/1113
f 679/842/1007 603/508/1006 678/895/1075
f 678/895/1075 603/508/1006 607/511/1072
f 677/894/1071 659/889/1070 681/877/1114 680/907/1115
f 649/878/1030 681/877/1030 659/889/1030
f 679/842/1007 680/907/1111 647/876/1112
f 680/907/1115 681/877/1114 647/876/1116
f 620/852/1117 717/908/1117 716/909/1117
f 638/910/36 749/911/36 719/912/36 690/913/36 752/74/36
f 1541/914/1118 1542/915/1119 1515/916/1120 1507/48/35
f 683/917/1121 723/918/1122 724/919/1123
f 691/920/1124 690/913/1125 705/921/1126
f 693/922/1127 709/923/1127 694/924/1127
f 696/925/1128 730/926/1129 731/927/1130
f 703/928/1131 730/926/1131 729/929/1131
f 685/930/1132 706/931/1132 684/932/1132
f 705/921/1133 718/933/1134 716/909/1135
f 684/932/1136 706/931/1136 707/934/1136
f 707/934/1137 723/918/1122 726/935/1138 684/932/1137
f 694/924/1139 709/923/1139 695/936/1139
f 696/925/1128 710/937/1140 708/938/1141
f 704/939/1142 692/940/1143 691/920/1144 720/941/1144
f 704/939/1145 707/934/1146 693/922/1147
f 705/921/1126 721/942/1148 725/943/1148 691/920/1124
f 709/923/1149 693/922/1149 710/937/1149 696/925/1149
f 710/937/1150 693/922/1150 706/931/1150
f 695/936/1151 709/923/1151 696/925/1151
f 697/944/1152 732/945/1153 737/946/1154
f 686/947/1155 715/948/1156 736/949/1157 735/950/1158
f 698/951/1159 733/952/1160 734/953/1161
f 701/954/1162 714/955/1163 712/956/1163 711/957/1164
f 688/958/1165 1018/959/1166 711/957/1167
f 698/951/1168 697/944/1152 737/946/1154 735/950/1169
f 708/938/1170 710/937/1170 706/931/1170 728/960/1170
f 708/938/1171 728/960/1172 727/961/1173 729/929/1174
f 699/962/1175 739/963/1175 738/964/1175 714/955/1175 700/965/1175
f 711/957/1167 712/956/1176 713/966/1176 688/958/1165
f 711/957/1164 689/967/1177 701/954/1162
f 700/965/1178 714/955/1178 701/954/1178
f 713/966/1179 712/956/1179 687/968/1179
f 712/956/1180 714/955/1181 738/964/1182
f 698/951/1168 736/949/1183 733/952/1184
f 718/933/1185 719/912/1185 749/911/1185 750/969/1186
f 716/909/1135 718/933/1134 742/871/1187 743/970/1187
f 716/909/1188 717/908/1188 705/921/1188
f 705/921/1126 690/913/1125 719/912/1189 718/933/1189
f 705/921/1190 717/908/1190 722/971/1191 721/942/1192
f 720/941/1193 707/934/1146 704/939/1145
f 720/941/1194 691/920/1194 725/943/1194 724/919/1194
f 726/935/1138 723/918/1122 683/917/1121
f 721/942/1192 722/971/1191 683/917/1195
f 725/943/1196 721/942/1192 683/917/1195
f 724/919/1197 723/918/1197 707/934/1146 720/941/1193
f 724/919/1198 725/943/1196 683/917/1195
f 638/910/1199 741/872/1200 748/972/1201 750/969/1186
f 728/960/1202 706/931/1202 685/930/1202
f 707/934/1203 706/931/1203 693/922/1203
f 727/961/1173 728/960/1172 685/930/1204
f 731/927/1130 730/926/1129 732/945/1153 697/944/1152
f 729/929/1174 727/961/1173 703/928/1205
f 729/929/1206 730/926/1129 696/925/1128 708/938/1141
f 733/952/1207 736/949/1157 715/948/1156 687/968/1207
f 737/946/1208 732/945/1209 703/928/1210 686/947/1155
f 732/945/1209 730/926/1211 703/928/1210
f 735/950/1169 736/949/1183 698/951/1168
f 735/950/1158 737/946/1208 686/947/1155
f 734/953/1161 733/952/1160 739/973/1212 699/962/1212
f 738/964/1182 687/968/1213 712/956/1180
f 738/964/1214 739/973/1215 687/968/1216
f 739/973/1215 733/952/1217 687/968/1216
f 741/872/1218 742/871/1218 748/972/1218
f 620/852/1219 747/974/1220 627/853/1221
f 740/873/1222 741/872/1223 745/975/1224 746/976/1225
f 740/873/1226 746/976/1226 747/974/1226 620/852/1226 743/970/1226
f 743/970/1227 742/871/1026 740/873/1028
f 639/866/1020 745/975/1224 744/977/1228
f 743/970/1229 620/852/1229 716/909/1229
f 747/974/1220 746/976/1230 652/865/1231
f 627/853/1221 747/974/1220 652/865/1231
f 744/977/1228 745/975/1224 741/872/1223 640/978/1232
f 746/976/1225 745/975/1224 639/866/1020 652/865/1019
f 741/872/1233 638/910/1233 640/978/1233
f 750/969/1186 748/972/1201 718/933/1234
f 750/969/1186 749/911/1185 638/910/1199
f 748/972/1235 742/871/1235 718/933/1235
f 640/978/1232 751/979/1236 634/863/1236 639/866/1020 744/977/1228
f 751/979/1237 756/980/1238 635/874/1239 636/883/1240 637/884/1240 634/863/1240
f 752/74/55 754/73/54 755/981/1241
f 754/73/1242 753/516/1243 751/979/1237
f 755/981/1244 754/73/1244 751/979/1244
f 751/979/1245 640/978/1245 755/981/1245
f 640/978/1246 638/910/1246 752/74/1246
f 640/978/1247 752/74/1247 755/981/1247
f 751/979/1237 753/516/1243 756/980/1238
f 756/980/1238 753/516/1243 276/229/170
f 635/874/1239 756/980/1238 276/229/170 631/234/173
f 682/982/36 965/983/1248 964/984/1249
f 688/958/36 1607/985/1250 1608/986/1251 757/49/36 962/987/36 963/988/36
f 702/989/1252 1609/990/1253 1608/986/1251
f 761/515/1254 762/513/480 276/229/170
f 761/515/1255 763/991/1256 767/992/1257 762/513/1257
f 758/490/1258 118/213/479 762/513/480 767/992/1258
f 759/214/447 760/488/443 270/215/442
f 759/214/447 758/490/446 768/993/1259 760/488/443
f 758/490/1260 765/994/1260 768/993/1260
f 768/993/1261 765/994/1262 764/489/1263
f 764/489/444 766/517/1264 117/227/439
f 764/489/1263 760/488/1265 768/993/1261
f 761/515/1255 770/518/1266 765/994/1266 763/991/1256
f 763/991/1267 765/994/1268 758/490/1269
f 767/992/1270 763/991/1267 758/490/1269
f 765/994/1271 770/518/1271 766/517/1271
f 764/489/1263 765/994/1262 766/517/1272
f 769/514/1273 770/518/1273 761/515/1273
f 773/141/105 771/140/104 121/235/174 782/995/1274
f 772/263/1275 773/141/1275 787/996/1276 1041/997/1277 24/265/1278
f 772/263/196 774/266/195 1097/998/1279 1124/999/1280 1130/1000/1281 1095/1001/1282 124/264/1283
f 776/1002/1284 1054/1003/1284 1062/1004/1284 1050/1005/1284
f 121/235/174 785/1006/1285 782/995/1274
f 778/239/179 1038/1007/1286 783/1008/1287
f 777/1009/1288 779/1010/1289 780/1011/1290 119/1/1291
f 780/1011/1290 779/1010/1289 778/239/179 775/238/178
f 781/1012/1292 1049/1013/1293 1071/1014/1293 1072/1015/1294
f 24/1016/1295 1066/1017/1295 1067/1018/1295
f 783/1008/1287 784/1019/1296 785/1020/1297 786/240/180
f 786/240/180 785/1020/1297 121/237/177
f 786/240/180 778/239/179 783/1008/1287
f 782/995/1274 787/996/1298 773/141/105
f 787/996/1276 784/1021/1299 1042/1022/1300 1041/997/1277
f 784/1021/1299 787/996/1276 1357/1023/1301
f 18/206/1302 795/525/1303 794/1024/1304
f 788/43/30 16/42/29 18/206/1302 794/1024/1304
f 121/237/177 788/43/30 789/1025/1305 780/1011/1290 775/238/178
f 122/44/1306 788/43/1306 121/237/1306
f 789/1025/1305 790/1026/1307 796/1027/1308
f 790/1026/1309 792/524/492 797/1028/1310 796/1027/1311
f 792/524/492 18/206/491 791/205/1312
f 793/491/448 792/524/492 791/205/1312 44/204/1313
f 794/1024/1304 790/1026/1314 789/1025/1305 788/43/30
f 281/2/2 797/1028/1310 793/491/448
f 794/1024/1315 795/525/1315 790/1026/1315
f 795/525/1316 792/524/1316 790/1026/1316
f 793/491/448 797/1028/1310 792/524/492
f 796/1027/1308 119/1/1291 780/1011/1290 789/1025/1305
f 796/1027/1311 797/1028/1310 281/2/2 119/1/1
f 798/1029/1317 844/1030/1317 799/482/1317 117/227/168 100/226/167
f 800/487/1318 832/486/1319 833/1031/1320
f 803/521/488 804/1032/1321 69/63/46
f 805/1033/1322 806/1034/1323 841/1035/1324
f 805/1036/136 858/1037/1325 1330/1038/136 1333/1039/136
f 810/1040/1326 818/1041/1327 900/1042/136 905/1043/136 904/1044/136 821/1045/136 896/1046/136 819/1047/1328
f 916/1048/1329 918/1049/1329 931/1050/1329 929/1051/1329
f 811/1052/1330 817/1053/136 816/1054/136 877/1055/136 815/1056/136 867/1057/136 864/1058/136 846/1059/136 798/1060/136 100/1061/167
f 819/1047/1331 896/1046/1332 895/1062/1333 892/1063/1334
f 820/1064/1335 908/1065/1336 907/1066/1337 891/1067/1337
f 818/1041/1327 823/1068/1338 822/1069/1339 882/1070/1340 873/1071/1340 869/1072/1341
f 824/1073/1342 801/485/1342 830/1074/1342 828/1075/1342
f 798/1029/1343 839/1076/1344 843/1077/1345 844/1030/1343
f 825/1078/1346 829/1079/1346 831/483/1346 799/482/1346
f 825/1078/1347 826/1080/1347 827/1081/1347 828/1075/1347
f 826/1080/1348 838/1082/1349 836/1083/1350
f 828/1075/1351 827/1081/1351 824/1073/1351
f 828/1075/1352 830/1074/1353 829/1079/1354 825/1078/1352
f 827/1081/1355 836/1083/1355 834/1084/1356 824/1073/1357
f 829/1079/1354 830/1074/1353 802/484/1358
f 830/1074/1359 801/485/1359 802/484/1359
f 831/483/1360 829/1079/1360 802/484/1360
f 804/1032/1361 835/1085/1361 824/1073/1361
f 824/1073/1362 832/486/1362 801/485/1362
f 803/521/488 833/1031/1363 804/1032/1321
f 833/1031/1364 803/521/488 800/487/441
f 804/1032/1321 833/1031/1363 835/1085/1365
f 824/1073/1357 834/1084/1356 804/1032/1366
f 824/1073/1367 835/1085/1367 832/486/1367
f 835/1085/1368 833/1031/1320 832/486/1319
f 834/1084/1369 836/1083/1369 806/1034/1369
f 836/1083/1350 827/1081/1370 826/1080/1348
f 836/1083/1350 838/1082/1349 806/1034/1371
f 837/1086/1372 840/1087/1373 839/1076/1374
f 839/1076/1374 840/1087/1373 838/1082/1375 826/1080/1376 845/1088/1377
f 839/1076/1378 798/1029/1378 862/1089/1378 886/1090/1378
f 841/1035/1324 806/1034/1323 838/1082/1375 840/1087/1373
f 840/1087/1373 837/1086/1379 841/1035/1324
f 799/482/1380 842/1091/1381 825/1078/1382
f 844/1030/1383 843/1077/1383 842/1091/1381 799/482/1380
f 825/1078/1384 842/1091/1384 843/1077/1345 839/1076/1344 845/1088/1384
f 845/1088/1377 826/1080/1376 825/1078/1385
f 846/1059/1386 861/1092/1386 862/1093/1386 798/1060/1386
f 847/1094/1387 808/1095/1388 857/1096/136
f 854/1097/1389 1229/1098/136 1228/1099/136
f 853/1100/1390 1433/1101/1391 1431/1102/1392 808/1095/1388 855/1103/1393
f 855/1103/1393 809/1104/1394 1416/1105/1395 853/1100/1390
f 855/1103/1393 849/1106/1396 850/1107/1397 868/1108/1397 851/1109/1397 852/1110/1397 848/1111/1398 809/1104/1394
f 808/1095/1388 847/1094/1387 865/1112/1399 849/1106/1396 855/1103/1393
f 808/1095/1388 1432/1113/1400 1434/1114/1401 857/1096/1402
f 862/1093/1403 885/1115/1404 886/1116/1405
f 857/1096/136 1434/1114/1401 858/1037/1325 805/1036/136 888/1117/136
f 857/1096/1406 888/1117/1406 887/1118/1407 885/1115/1404
f 856/1119/1408 1332/1120/136 854/1097/1389
f 810/1040/1326 860/1121/1409 823/1068/1338 818/1041/1327
f 823/1068/1338 860/1121/1409 859/1122/1410
f 859/1122/1410 1405/1123/1411 1411/1124/1412 1410/1125/1412 1404/1126/1413 1078/1127/1414
f 822/1069/1339 823/1068/1338 859/1122/1410 1082/1128/1415
f 848/1111/1416 1401/1129/1417 1400/1130/1418
f 885/1115/1404 887/1118/1407 837/1131/1419 886/1116/1405
f 861/1092/1420 863/1132/1421 865/1112/1421 847/1094/1422
f 865/1112/1423 863/1132/1423 850/1107/1423 849/1106/1423
f 864/1058/1424 863/1132/1424 861/1092/1424 846/1059/1424
f 815/1056/1425 866/1133/1425 867/1057/1425
f 867/1057/1426 866/1133/1426 884/1134/1427 864/1058/1428
f 866/1133/1429 868/1108/1430 850/1107/1431 884/1134/1431
f 869/1072/1432 873/1071/1433 879/1135/1434 881/1136/1432
f 874/1137/1435 875/1138/1436 817/1053/1437 811/1052/1438
f 878/1139/1439 871/1140/1440 870/1141/1441
f 877/1055/1442 878/1139/1442 870/1141/1442 815/1056/1442
f 815/1056/1443 870/1141/1443 866/1133/1443
f 870/1141/1441 851/1109/1444 868/1108/1430 866/1133/1429
f 874/1137/1435 879/1135/1445 875/1142/1436
f 875/1138/1446 883/1143/1446 882/1070/1446 872/1144/1447 876/1145/1448
f 817/1053/1449 875/1138/1449 876/1145/1449 816/1054/1449
f 880/1146/1450 12/1147/1451 874/1137/1435 811/1052/1438
f 881/1136/1452 879/1135/1445 874/1137/1435
f 875/1142/1453 879/1135/1453 883/1148/1453
f 876/1145/1448 872/1144/1447 1081/1149/1454 871/1140/1440 878/1139/1439
f 882/1070/1455 883/1143/1456 873/1071/1433
f 883/1148/1456 879/1135/1434 873/1071/1433
f 816/1054/1457 876/1145/1457 878/1139/1457 877/1055/1457
f 882/1070/1458 822/1069/1459 872/1144/1447
f 872/1144/1447 822/1069/1459 1080/1150/1460 1081/1149/1454
f 871/1140/1461 848/1111/1461 852/1110/1461
f 852/1110/1462 851/1109/1444 870/1141/1441 871/1140/1440
f 864/1058/1428 884/1134/1427 863/1132/1463
f 884/1134/1464 850/1107/1464 863/1132/1464
f 885/1115/136 847/1094/1387 857/1096/136
f 885/1115/1465 862/1093/1465 861/1092/1420 847/1094/1422
f 837/1086/1372 839/1076/1374 886/1090/1466
f 887/1118/1467 888/1117/1467 805/1036/1322 841/1151/1324
f 837/1131/1468 887/1118/1468 841/1151/1468
f 889/1152/1469 898/1153/1469 897/1154/1469 813/1155/1469
f 11/1156/1470 906/1157/1470 909/1158/1470 812/1159/1470
f 874/1137/1435 899/1160/1471 881/1136/1452
f 892/1063/1472 895/1062/1473 898/1153/1474 889/1152/1472
f 891/1067/1475 907/1066/1475 906/1157/1475 11/1156/1475
f 898/1153/1474 895/1062/1473 894/1161/1476 890/1162/1477
f 895/1062/1333 896/1046/1332 821/1045/1478 894/1161/1479
f 897/1154/1480 898/1153/1474 890/1162/1477 814/1163/1481
f 812/1159/1482 909/1158/1482 913/1164/1482 813/1155/1482 897/1154/1482 814/1163/1482 902/1165/1482 880/1146/1482 811/1052/1330 100/1061/167 10/1166/169 927/1167/1482
f 899/1160/1483 893/1168/1484 869/1072/1341
f 881/1136/1485 899/1160/1485 869/1072/1485
f 893/1168/1484 900/1042/1486 818/1041/1327 869/1072/1341
f 901/1169/1487 899/1160/1471 12/1147/1451
f 902/1165/1488 901/1169/1487 12/1147/1451 880/1146/1450
f 901/1169/1489 903/1170/1490 899/1160/1483
f 903/1170/1490 905/1043/1491 893/1168/1484
f 893/1168/1484 905/1043/1491 900/1042/1486
f 905/1043/1491 903/1170/1490 904/1044/1492
f 899/1160/1471 874/1137/1435 12/1147/1451
f 899/1160/1483 903/1170/1490 893/1168/1484
f 890/1162/136 894/1161/136 903/1170/1490 901/1169/1489
f 814/1163/1481 890/1162/1477 901/1169/1487 902/1165/1488
f 894/1161/1479 821/1045/1478 904/1044/1492 903/1170/1490
f 907/1066/1493 908/1065/1493 952/1171/1493 910/1172/1494 911/1173/1495
f 909/1158/1496 906/1157/1496 912/1174/1496 913/1164/1496
f 906/1157/1497 907/1066/1497 911/1173/1497 912/1174/1497
f 912/1174/1498 911/1173/1498 892/1063/1498 889/1152/1498
f 911/1173/1495 910/1172/1494 819/1047/1331 892/1063/1334
f 913/1164/1499 912/1174/1499 889/1152/1499 813/1155/1499
f 682/982/1500 1002/1175/1501 1003/1176/1502
f 915/1177/1503 919/1178/1503 927/1179/1503 10/1180/1503
f 915/1177/1504 923/1181/1504 935/1182/1504 928/1183/1504
f 752/74/1505 690/913/1505 922/1184/1505 923/1181/1505
f 923/1181/1506 915/1177/1506 10/1180/1506 752/74/1506
f 922/1184/1507 692/940/1508 921/1185/1509
f 921/1185/1510 694/924/1511 920/1186/1512
f 920/1186/1512 695/936/1513 924/1187/1514 916/1048/1514
f 924/1187/1515 695/936/1515 696/925/1515 731/927/1515 697/944/1515 698/951/1515 734/953/1515 699/962/1515 700/965/1515 701/954/1515 689/967/1515 682/982/1515 980/1188/1515 997/1189/1515
f 695/936/1513 920/1186/1512 694/924/1511
f 694/924/1516 921/1185/1516 692/940/1143 704/939/1142 693/922/1516
f 692/940/1508 922/1184/1507 690/913/1517 691/920/1517
f 918/1049/1518 926/1190/1519 917/1191/1520
f 917/1191/1520 926/1190/1519 820/1064/1335
f 926/1190/1519 918/1049/1518 925/1192/1521
f 927/1179/1522 919/1178/1522 812/1159/1522
f 929/1051/1523 931/1050/1524 941/1193/1525 940/1194/1526
f 928/1183/1527 936/1195/1528 919/1178/1529 915/1177/1527
f 928/1183/1530 935/1182/1531 937/1196/1532
f 919/1178/1529 936/1195/1528 938/1197/1533
f 937/1196/1534 939/1198/1535 938/1197/1535 936/1195/1536
f 936/1195/1536 928/1183/1537 937/1196/1534
f 931/1050/1524 917/1191/1538 941/1193/1525
f 941/1193/1539 917/1191/1539 820/1064/1539 891/1067/1539 930/1199/1539
f 917/1191/1538 931/1050/1524 918/1049/1540
f 938/1197/1541 939/1198/1541 930/1199/1541 891/1067/1541 11/1156/1541
f 938/1197/1542 11/1156/1542 812/1159/1542 919/1178/1542
f 940/1194/1526 941/1193/1525 930/1199/1543 939/1198/1543
f 939/1198/1544 937/1196/1545 943/1200/1546
f 937/1196/1545 942/1201/1547 943/1200/1546
f 933/1202/1548 942/1201/1548 934/1203/1548
f 935/1182/1531 923/1181/1549 922/1184/1549 934/1203/1550
f 933/1202/1551 921/1185/1552 920/1186/1553 932/1204/1553
f 934/1203/1554 942/1201/1547 944/1205/1555
f 934/1203/1556 922/1184/1556 921/1185/1552 933/1202/1551
f 932/1204/1557 920/1186/1558 929/1051/1559
f 929/1051/1560 920/1186/1560 916/1048/1560
f 940/1194/1561 942/1201/1561 932/1204/1561
f 932/1204/1557 929/1051/1559 940/1194/1562
f 932/1204/1563 942/1201/1563 933/1202/1563
f 943/1200/1564 940/1194/1565 939/1198/1566
f 943/1200/1564 942/1201/1567 940/1194/1565
f 935/1182/1531 944/1205/1568 937/1196/1532
f 937/1196/1545 944/1205/1555 942/1201/1547
f 944/1205/1568 935/1182/1531 934/1203/1550
f 282/526/494 1247/528/495 1243/1206/1569 1250/1207/1570 951/98/73 1252/534/496
f 945/1208/1571 993/1209/136 992/1210/1572 966/1211/1573
f 950/101/76 953/100/75 949/1212/1574 991/1213/1575 945/1208/1571 1583/1214/1576 1585/1215/1577
f 26/582/136 1257/1216/136 1258/583/136
f 953/100/75 954/99/1578 948/1217/1579 986/1218/1580 985/1219/1580 949/1212/1574
f 946/1220/1581 956/1221/1582 952/1171/1583 908/1065/1584 972/1222/1585
f 947/1223/1586 955/1224/1587 956/1221/1582 946/1220/1581
f 948/1217/1579 954/99/1578 955/1224/1587 947/1223/1586 982/1225/1588
f 957/1226/1589 1024/1227/1589 1026/1228/1589
f 957/1226/36 1019/1229/36 962/987/36 757/49/36 1507/48/35 1519/1230/36 1514/1231/36 1509/1232/36
f 963/988/1590 1016/1233/1591 688/958/1165
f 689/967/1592 965/983/1248 682/982/36
f 964/984/1249 965/983/1248 1013/1234/1593 1014/1235/1594
f 964/984/1595 1004/1236/1596 1002/1175/1501 682/982/1500
f 970/1237/1597 1004/1236/1596 967/1238/1598
f 970/1237/1599 988/1239/1600 981/1240/1601
f 971/1241/1602 974/1242/1603 973/1243/1604
f 924/1187/1605 996/1244/1606 918/1049/1607 916/1048/1608
f 925/1192/1609 972/1222/1585 926/1190/136
f 972/1222/1585 925/1192/1609 973/1243/1604
f 973/1243/1604 925/1192/1609 971/1241/1602
f 975/1245/1610 976/1246/1611 974/1242/1603 971/1241/1602
f 974/1242/1603 976/1246/1611 946/1220/1581
f 946/1220/1581 976/1246/1611 947/1223/1612
f 976/1246/1611 975/1245/1610 984/1247/1613
f 973/1243/1604 974/1242/1603 946/1220/1581 972/1222/1585
f 977/1248/1614 990/1249/1615 988/1239/1600 970/1237/1599
f 978/1250/1616 981/1240/1601 983/1251/1617
f 975/1245/1610 978/1250/1616 983/1251/1617 984/1247/1613
f 977/1248/1618 968/1252/1619 1007/1253/1620 969/1254/1620 1031/1255/1620 966/1211/1620
f 967/1238/1598 1009/1256/1621 968/1252/1619 977/1248/1618 970/1237/1597
f 980/1188/1622 998/1257/1623 1001/1258/1624
f 979/1259/1625 970/1237/1597 914/1260/1626
f 975/1245/1627 971/1241/1628 994/1261/1629
f 924/1187/1605 997/1189/1630 1000/1262/1631 994/1261/1629
f 981/1240/1601 978/1250/1616 914/1260/1632 970/1237/1599
f 982/1225/1633 981/1240/1634 948/1217/1635
f 983/1251/1636 981/1240/1634 982/1225/1633 947/1223/1612
f 984/1247/1637 947/1223/1612 976/1246/1611
f 984/1247/1637 983/1251/1636 947/1223/1612
f 966/1211/1573 987/1263/1638 989/1264/1639 977/1248/1614
f 985/1219/1640 993/1209/136 991/1213/1575 949/1212/1574
f 977/1248/1614 989/1264/1639 990/1249/1615
f 986/1218/1641 987/1263/1642 985/1219/1643
f 985/1219/1640 987/1263/1638 992/1210/1572
f 989/1264/1639 987/1263/1642 986/1218/1641
f 981/1240/1634 988/1239/1644 948/1217/1635
f 988/1239/1645 990/1249/1645 948/1217/1645
f 990/1249/1615 989/1264/1639 986/1218/1641 948/1217/1646
f 992/1210/1572 993/1209/136 985/1219/1640
f 992/1210/1572 987/1263/1638 966/1211/1573
f 991/1213/1575 993/1209/136 945/1208/1571
f 968/1252/1647 1006/1265/1647 1007/1253/1647
f 969/1254/1648 1034/1266/1649 1030/1267/1650
f 926/1190/1519 908/1065/1336 820/1064/1335
f 908/1065/1584 926/1190/136 972/1222/1585
f 918/1049/1651 971/1241/1651 925/1192/1651
f 994/1261/1629 971/1241/1628 996/1244/1606
f 994/1261/1629 1000/1262/1631 1001/1258/1652 975/1245/1627
f 995/1268/1653 999/1269/1654 1003/1176/1655
f 978/1270/1656 998/1257/1657 999/1269/1658 995/1268/1658
f 978/1271/1659 995/1268/1653 979/1259/1660 914/1260/1659
f 918/1049/1607 996/1244/1606 971/1241/1628
f 996/1244/1606 924/1187/1605 994/1261/1629
f 1000/1262/1631 997/1189/1630 980/1188/1622
f 1001/1258/1624 1000/1262/1631 980/1188/1622
f 1001/1258/1652 998/1257/1657 978/1270/1656 975/1245/1627
f 999/1269/1661 998/1257/1623 980/1188/1622
f 682/982/1662 999/1269/1662 980/1188/1662
f 967/1238/1598 1004/1236/1596 964/984/1595 1015/1272/1663 1012/1273/1663 1010/1274/1663
f 1003/1176/1655 1002/1175/1664 979/1259/1660 995/1268/1653
f 1002/1175/1501 1004/1236/1596 970/1237/1597 979/1259/1625
f 1003/1176/1665 999/1269/1665 682/982/1665
f 967/1238/1666 1022/1275/1666 1021/1276/1666
f 961/1277/1667 1022/1275/1668 1005/1278/1669
f 968/1252/1670 1037/1279/1670 1006/1265/1670
f 1006/1265/1671 960/1280/1672 959/1281/1673
f 1007/1253/1674 1036/1282/1675 1034/1266/1649
f 959/1281/1673 1036/1282/1676 1006/1265/1671
f 1009/1256/1677 1023/1283/1678 1025/1284/1679 968/1252/1679
f 968/1252/1680 1025/1284/1680 1037/1279/1680
f 1009/1256/1677 1021/1276/1681 1023/1283/1678
f 1010/1274/1682 1012/1273/1682 1011/1285/1682
f 1011/1285/1683 1012/1273/1683 1015/1272/1684 1014/1235/1685
f 1011/1285/1686 1019/1229/1686 1020/1286/1686
f 689/967/1592 1016/1233/1687 1013/1234/1593
f 1013/1234/1593 1017/1287/1688 962/987/1689
f 1013/1234/1593 965/983/1248 689/967/1592
f 1014/1235/1594 1013/1234/1593 1011/1285/1690
f 1014/1235/1685 1015/1272/1684 964/984/1691
f 1013/1234/1593 1016/1233/1687 1017/1287/1688
f 688/958/1165 1016/1233/1591 1018/959/1166
f 1011/1285/1690 1013/1234/1593 962/987/1689
f 962/987/1689 1017/1287/1688 963/988/1692
f 1017/1287/1688 1016/1233/1687 963/988/1692
f 711/957/1164 1018/959/1693 689/967/1177
f 1018/959/1693 1016/1233/1694 689/967/1177
f 1011/1285/1695 1020/1286/1696 1010/1274/1697
f 1019/1229/1698 1011/1285/1690 962/987/1689
f 1010/1274/1697 1020/1286/1696 1026/1228/1699
f 1020/1286/1700 1019/1229/1700 957/1226/1700
f 967/1238/1701 1024/1227/1702 1027/1288/1703
f 1021/1276/1681 1009/1256/1677 967/1238/1704
f 1008/1289/1705 1021/1276/1706 961/1277/1707
f 1010/1274/1708 1024/1227/1702 967/1238/1701
f 1025/1284/1709 1023/1283/1710 1008/1289/1705
f 1021/1276/1706 1022/1275/1711 961/1277/1707
f 960/1280/1712 1025/1284/1709 1008/1289/1705
f 1005/1278/1669 1024/1227/1713 957/1226/1714
f 1005/1278/1669 1022/1275/1668 1027/1288/1715
f 1023/1283/1710 1021/1276/1706 1008/1289/1705
f 1027/1288/1703 1022/1275/1716 967/1238/1701
f 1026/1228/1717 1020/1286/1717 957/1226/1717
f 1026/1228/1718 1024/1227/1702 1010/1274/1708
f 1027/1288/1715 1024/1227/1713 1005/1278/1669
f 958/1290/1719 1032/1291/1720 1030/1267/1721
f 1029/1292/1722 1028/1293/1723 1033/1294/1724
f 966/1211/1725 1031/1255/1726 1033/1294/1727
f 966/1211/1728 1028/1293/1729 945/1208/1730
f 1033/1294/1731 1028/1293/1729 966/1211/1728
f 1034/1266/1649 969/1254/1648 1007/1253/1674
f 1033/1294/1724 1035/1295/1732 1029/1292/1722
f 1035/1295/1733 1031/1255/1726 969/1254/1734
f 1030/1267/1735 1034/1266/1736 959/1281/1673 958/1290/1735
f 1030/1267/1737 1035/1295/1733 969/1254/1734
f 1035/1295/1732 1032/1291/1720 1029/1292/1722
f 1034/1266/1736 1036/1282/1676 959/1281/1673
f 1006/1265/1738 1036/1282/1675 1007/1253/1674
f 1035/1295/1733 1033/1294/1727 1031/1255/1726
f 1035/1295/1732 1030/1267/1721 1032/1291/1720
f 1037/1279/1739 1025/1284/1739 960/1280/1739
f 1006/1265/1740 1037/1279/1740 960/1280/1740
f 23/1296/1741 1039/1297/1741 1065/1298/1741 22/1299/1741 1074/1300/1742 1351/1301/1743 1350/1302/1744 1349/1303/1745
f 1043/1304/1746 1045/1305/1746 1068/1306/1746 1044/1307/1746 779/1010/1289 777/1009/1288
f 783/1008/1287 1038/1007/1747 1053/1308/1748 1051/1309/1749
f 783/1008/1287 1042/1310/1295 784/1019/1296
f 1041/997/1277 1066/1311/1300 24/265/1278
f 1044/1307/1750 1046/1312/1750 1038/1007/1286 778/239/179 779/1010/1289
f 1039/1297/1751 1055/1313/1752 1069/1314/1753 1059/1315/1754 1065/1298/1755
f 776/1002/1756 1040/39/26 24/1016/1757
f 1039/54/1758 1047/1316/1758 1063/1317/1759 1055/1318/1752
f 1043/1304/1760 1048/1319/1761 1064/1320/1762
f 1059/1321/1763 1057/1322/1764 1064/1320/1765 22/1299/1763
f 1059/1315/1766 1069/1314/1766 1072/1015/1766
f 1050/40/27 1040/39/26 776/1002/1756
f 1050/1005/1767 1062/1004/1767 1061/1323/1767 1049/1013/1767 781/1012/1767
f 1049/1013/1768 1061/1323/1768 1046/1312/1768 1044/1307/1768
f 1055/1318/1752 1063/1317/1759 1056/1324/28
f 1056/1324/28 1063/1317/1759 1047/1316/1769 1096/1325/1769 1040/1326/26
f 1051/1309/1770 1054/1003/1771 1067/1018/1772
f 1054/1003/1773 1051/1309/1773 1053/1308/1773
f 1043/1304/1774 1057/1322/1774 1058/1327/1774 1045/1305/1774
f 1064/1320/1762 1048/1319/1761 22/1299/1775
f 1064/1320/1765 1057/1322/1764 1043/1304/1776
f 1065/1298/1755 1059/1321/1754 22/1299/1777
f 1067/1018/1295 1066/1017/1295 1042/1310/1295 783/1008/1287 1051/1309/1749
f 1067/1018/1772 1054/1003/1771 776/1002/1778 24/1016/1778
f 1066/1311/1300 1041/997/1277 1042/1022/1300
f 1046/1312/1779 1061/1323/1779 1053/1308/1748 1038/1007/1747
f 1045/1305/1780 1058/1327/1781 1071/1014/1782 1068/1306/1783
f 1061/1323/1784 1062/1004/1784 1054/1003/1784 1053/1308/1784
f 781/1012/1785 1070/1328/1786 1056/41/28 1050/1005/27
f 1072/1015/1787 1071/1014/1782 1058/1327/1781 1057/1322/1787 1059/1321/1787
f 1068/1306/1783 1071/1014/1782 1049/1013/1788 1044/1307/1788
f 1072/1015/1294 1069/1314/1753 1070/1328/1786 781/1012/1292
f 1070/1328/1786 1069/1314/1753 1055/1313/1752
f 1056/41/28 1070/1328/1786 1055/1313/1752
f 270/215/442 800/487/441 1060/64/47 280/495/489 340/641/626
f 1052/3/3 69/63/46 1076/1329/1789 1073/1330/1790
f 1048/1319/1761 1077/1331/1791 1076/1329/1789 69/63/46 1354/1332/1791 1074/1300/1792
f 119/1/1793 1052/3/1793 1073/1330/1794 1075/1333/1795
f 777/1009/1796 119/1/1796 1075/1333/1796 1077/1331/1796 1048/1319/1761 1043/1304/1760
f 1074/1300/1792 22/1299/1775 1048/1319/1761
f 1076/1329/1797 1077/1331/1797 1073/1330/1797
f 1077/1331/1798 1075/1333/1795 1073/1330/1794
f 1112/1334/1799 1092/1335/1800 1119/1336/1801
f 1083/1337/1802 1079/1338/1803 1080/1150/1804 1082/1128/1415
f 1082/1128/1415 1080/1150/1804 822/1069/1339
f 1082/1128/1415 859/1122/1410 1078/1127/1414 1083/1337/1805
f 1078/1127/1414 1404/1126/1413 1407/1339/1806 1083/1337/1805
f 1081/1149/1454 1080/1150/1460 1079/1338/1803
f 1079/1338/1803 1408/1340/1807 1401/1129/1808 848/1111/1808 871/1140/1440 1081/1149/1454
f 1039/54/38 1088/53/38 1047/1316/38
f 1135/1341/1809 1134/1342/1810 1132/216/1811
f 1084/7/1812 1091/1343/1812 1087/1344/1812 97/4/1812
f 1085/1345/1813 1092/1335/1813 1112/1334/1813
f 1084/7/1814 1094/6/1814 1127/1346/1814
f 1096/1325/1815 1099/1347/1816 1100/1348/1817 1101/1349/1817 1102/1350/1817 1103/1351/1818 1114/1352/1819 1097/998/1820 774/266/1817 24/265/1817 1040/1326/1817
f 1095/1001/1282 1130/1000/1281 1126/1353/1821
f 1095/1001/1282 1098/267/1822 124/264/1283
f 1047/1316/1823 1115/1354/1824 1099/1347/1816 1096/1325/1815
f 1099/1347/1825 1115/1354/1825 1105/1355/1825 1100/1348/1825
f 1101/1349/1826 1105/1355/1826 1106/1356/1826 1102/1350/1826
f 1111/1357/1827 1109/1358/1828 1118/1359/1829 1119/1360/1830
f 1110/1361/1831 1085/52/1832 1112/1362/1833
f 1085/52/1832 1110/1361/1831 1088/53/1834
f 1111/1357/1827 1086/1363/1835 1109/1358/1828
f 1111/1364/1836 1093/1365/1836 1086/1366/1836
f 1157/1367/1837 1145/1368/1838 1137/1369/1839
f 1089/1370/1840 1108/1371/1841 1109/1358/1828 1086/1363/1835
f 1103/1351/1818 1123/1372/1842 1114/1352/1819
f 1113/1373/1843 1107/1374/1843 1108/1371/1843 1089/1370/1843
f 1103/1351/1844 1107/1374/1845 1113/1373/1846
f 1102/1350/1847 1106/1356/1847 1107/1374/1845 1103/1351/1844
f 1100/1348/1848 1105/1355/1848 1101/1349/1848
f 1114/1352/1819 1122/1375/1849 1097/998/1820
f 1115/1376/1850 1106/1356/1851 1105/1355/1852
f 1112/1362/1799 1104/1377/1853 1110/1361/1854
f 1110/1361/1854 1104/1377/1853 1116/1378/1855 1117/1379/1856
f 1106/1356/1851 1108/1371/1857 1107/1374/1858
f 1108/1371/1857 1106/1356/1851 1116/1378/1859
f 1108/1371/1841 1116/1378/1860 1109/1358/1828
f 1106/1356/1851 1115/1376/1850 1117/1379/1861
f 1116/1378/1855 1104/1377/1853 1118/1359/1862
f 1117/1379/1861 1116/1378/1859 1106/1356/1851
f 1117/1379/1856 1120/1380/1863 1110/1361/1854
f 1119/1336/1801 1092/1335/1800 1093/1365/1864 1111/1364/1864
f 1047/1316/1865 1088/53/1834 1121/1381/1866
f 1115/1354/1824 1121/1381/1867 1120/1382/1868
f 1118/1359/1829 1109/1358/1828 1116/1378/1860
f 1119/1360/1801 1118/1359/1862 1104/1377/1853 1112/1362/1799
f 1120/1380/1869 1117/1379/1861 1115/1376/1850
f 1121/1381/1867 1115/1354/1824 1047/1316/1823
f 1120/1382/1870 1121/1381/1866 1088/53/1834 1110/1361/1831
f 1114/1352/1871 1123/1372/1872 1090/1383/1873
f 1097/998/1820 1122/1375/1849 1125/1384/1874
f 1087/1344/1875 1122/1375/1876 1090/1383/1877
f 1122/1375/1876 1114/1352/1878 1090/1383/1877
f 1123/1372/1842 1103/1351/1818 1113/1373/1879
f 1090/1383/1873 1123/1372/1872 1113/1373/1880
f 1124/999/1881 1097/998/1881 1125/1384/1881
f 1087/1344/1882 1091/1343/1882 1128/1385/1882 1129/1386/1882
f 1091/1343/1883 1084/7/1883 1126/1353/1883
f 1095/1001/1282 1094/6/6 1098/267/1822
f 1098/267/1822 1094/6/6 141/5/5 150/272/1822 102/243/1822
f 1125/1384/1884 1122/1375/1876 1087/1344/1875
f 1125/1384/1885 1087/1344/1885 1129/1386/1885
f 1126/1353/1821 1127/1346/1886 1095/1001/1282
f 1126/1353/1887 1128/1385/1887 1091/1343/1887
f 1129/1386/1888 1124/999/1280 1125/1384/1889
f 1127/1346/1886 1094/6/6 1095/1001/1282
f 1129/1386/1888 1128/1385/1890 1124/999/1280
f 1126/1353/1891 1084/7/1891 1127/1346/1891
f 1128/1385/1890 1130/1000/1281 1124/999/1280
f 1126/1353/1821 1130/1000/1281 1128/1385/1890
f 1133/1387/1892 1138/217/1892 1142/1388/1892 1143/1389/1893 1151/1390/1894
f 1133/1387/1895 1136/1391/1895 1141/1392/1895 1140/1393/1896
f 1134/1342/1810 1090/1383/1897 1113/1373/1898 1089/1370/1840
f 1131/270/209 141/5/288 1136/1391/1899
f 1087/1344/1900 1090/1383/1897 1134/1342/1810 1135/1341/1809
f 1132/216/1811 1134/1342/1810 1089/1370/1840 1144/1394/1901 1145/1368/1902
f 97/4/1903 1135/1341/1809 1132/216/1904
f 97/4/1903 1087/1344/1900 1135/1341/1809
f 1136/1391/1899 1133/1387/1905 1131/270/209
f 1133/1387/1905 1151/1390/1894 1153/1395/1906 1154/271/1907
f 1136/1391/1908 141/5/1908 97/4/1908 1141/1392/1908
f 97/4/1909 1132/216/157 1156/218/159
f 38/1396/1910 1143/1397/1911 1158/1398/1912
f 1145/1368/1838 1192/1399/1913 1137/1369/1839
f 1140/1393/1896 1141/1392/1895 97/4/1909
f 1140/1393/1914 1138/217/1914 1133/1387/1914
f 1145/1368/1838 1144/1394/1915 1192/1399/1913
f 807/1400/136 1150/1401/136 1149/1402/136 1278/1403/136 1148/1404/136 1211/1405/136 1208/1406/136 1147/1407/1916 1218/1408/1917 1214/1409/1917 1215/1410/136 1390/1411/136 1391/1412/136 1373/1413/136
f 1144/1394/1901 1089/1370/1840 1086/1363/1835
f 200/269/208 1152/1414/1918 41/327/295
f 1151/1390/1894 1143/1389/1893 1155/1415/1919
f 1152/1414/1918 200/269/208 1153/1395/1920 1155/1415/1921
f 1152/1414/1922 38/1416/1923 42/335/1924 41/327/1924
f 1154/271/1907 1131/270/209 1133/1387/1905
f 1154/271/210 1153/1395/1920 200/269/208
f 1155/1415/1919 1143/1417/1893 38/1416/1923 1152/1414/1922
f 1155/1415/1919 1153/1395/1906 1151/1390/1894
f 38/1418/1925 1198/1419/1925 1181/1420/1925 1187/1421/1925 1183/1422/1925 1209/1423/1925 1139/346/316 42/345/315
f 1156/218/159 1138/217/158 1140/1393/1896
f 1156/218/159 1140/1393/1896 97/4/1909
f 1157/1367/1926 1142/1388/1927 1146/1424/1928
f 1138/217/158 1132/216/157 1146/1424/1928
f 1143/1397/1911 1142/1388/1927 1137/1369/1839
f 1146/1424/1928 1132/216/157 1145/1368/1838
f 1146/1424/1928 1142/1388/1927 1138/217/158
f 1145/1368/1838 1157/1367/1837 1146/1424/1928
f 1142/1388/1927 1157/1367/1926 1137/1369/1839
f 1159/1425/1929 1144/1394/1929 1191/1426/1929
f 1158/1398/1912 1159/1425/1930 38/1396/1910
f 1158/1398/1912 1143/1397/1911 1137/1369/1839
f 113/317/322 1289/1427/1931 74/1428/1931 1164/162/1931
f 1170/1429/1932 1166/1430/1933 1174/1431/1934 25/599/563
f 1166/1430/1935 1162/1432/1936 1171/1433/1935
f 114/165/323 113/317/322 1164/162/1931
f 74/1428/1937 1160/1434/1938 1172/1435/1939 1164/162/124
f 1165/1436/1940 1167/1437/1941 1168/1438/1942 39/1439/1943
f 39/1439/1943 1168/1438/1942 74/1428/1937
f 1167/1437/1941 1171/1433/1935 1161/1440/1944 1169/1441/1945
f 1168/1438/1942 1169/1441/1945 1160/1434/1938 74/1428/1937
f 1169/1441/1945 1161/1440/1944 1160/1434/1938
f 1168/1438/1942 1167/1437/1941 1169/1441/1945
f 1163/131/100 1441/1442/1946 1176/1443/1935
f 87/128/97 1163/131/100 1173/1444/1947 1175/1445/1948
f 28/602/1949 1173/1444/1947 1176/1443/1935 1170/1429/1935
f 28/602/568 1170/1429/1932 25/599/563
f 1171/1433/1935 1162/1432/1936 1161/1440/1944
f 1171/1433/1935 1167/1437/1941 1166/1430/1935
f 1162/1432/1936 1172/1435/1939 1160/1434/1938 1161/1440/1944
f 1164/162/124 1172/1435/1939 1440/1446/1950 1443/163/124
f 1175/1445/1948 1173/1444/1947 28/602/1949
f 1176/1443/1935 1173/1444/1947 1163/131/100
f 1176/1443/1935 1166/1430/1935 1170/1429/1935
f 1174/1431/1934 1166/1430/1933 1167/1437/1941
f 1167/1437/1941 1165/1436/1940 1174/1431/1934
f 1182/1447/1951 1180/1448/1951 1204/1449/1951 1202/1450/1951
f 1148/1404/1952 1212/1451/1953 1211/1405/1954
f 1147/1407/1955 1204/1449/1956 1205/1452/1957
f 1144/1453/1958 1188/1454/1959 1191/1455/1960
f 1178/1456/1961 1210/1457/1961 1206/1458/1961
f 1181/1459/1962 1184/1460/1962 1187/1461/1962
f 38/1418/1963 1199/1462/1964 1198/1463/1965
f 1181/1459/1966 1179/1464/1967 1185/1465/1968 1184/1460/1969
f 1183/1466/1970 1178/1456/1970 1207/1467/1970 1209/1423/1970
f 1139/346/1971 1207/1467/1971 1206/1458/1971 192/339/1971
f 1178/1456/1972 1183/1466/1973 1203/1468/1974
f 1187/1461/1975 1184/1460/1975 1200/1469/1975
f 1186/1470/1976 1195/1471/1977 1196/1472/1977 1188/1454/1959
f 1188/1454/1959 1144/1453/1958 1186/1470/1976
f 38/1418/1978 1193/1473/1978 1197/1474/1978 1199/1462/1978
f 1184/1460/1969 1185/1465/1968 1180/1448/1979 1200/1469/1980
f 1190/1475/1981 1185/1465/1981 1189/1476/1981
f 1189/1476/1982 1195/1471/1982 1194/1477/1982 1190/1475/1982
f 1179/1464/1967 1189/1476/1983 1185/1465/1968
f 1188/1454/1984 1196/1472/1985 1197/1474/1986
f 1191/1455/1987 1188/1454/1987 1193/1473/1987
f 1191/1426/1988 38/1396/1989 1159/1425/1990
f 1137/1369/1839 1192/1399/1913 1159/1425/1991 1158/1398/1912
f 1192/1399/1913 1144/1394/1915 1159/1425/1991
f 1194/1477/1992 1195/1471/1993 1186/1470/1994
f 1197/1474/1986 1193/1473/1995 1188/1454/1984
f 1196/1472/1996 1195/1471/1996 1189/1476/1996
f 1197/1474/1986 1196/1472/1985 1189/1476/1983 1179/1464/1967
f 1193/1473/1997 38/1418/1989 1191/1455/1988
f 1199/1462/1995 1197/1474/1986 1179/1464/1967
f 1198/1463/1965 1199/1462/1964 1179/1464/1967 1181/1459/1966
f 1200/1469/1998 1182/1447/1999 1183/1466/1973 1187/1461/1998
f 1200/1469/1980 1180/1448/1979 1182/1447/2000
f 1201/1478/2001 1180/1448/2002 1185/1465/2003 1190/1475/2004
f 1203/1468/1974 1183/1466/1973 1202/1450/2005
f 1202/1450/2005 1183/1466/1973 1182/1447/1999
f 1202/1450/2006 1204/1449/1956 1147/1407/1955 1203/1468/2007
f 1203/1468/2007 1147/1407/1955 1178/1456/2008
f 1205/1452/2009 1204/1449/2010 1180/1448/2002 1201/1478/2001
f 1206/1458/2011 1210/1457/2011 1212/1451/2012 192/339/2013
f 1208/1406/2014 1210/1457/2015 1178/1456/2008 1147/1407/1955
f 1209/1423/2016 1207/1467/2016 1139/346/2016
f 1206/1458/1925 1207/1467/1925 1178/1456/1925
f 1211/1405/1954 1212/1451/1953 1210/1457/2015 1208/1406/2014
f 192/339/2013 1212/1451/2012 1213/340/2017
f 1213/340/136 1148/1404/136 1177/341/136
f 1148/1404/2018 1213/340/2018 1212/1451/2018
f 854/1097/1389 1214/1409/1917 1216/1479/2019
f 1186/1470/1994 1144/1453/2020 1086/1366/2020 1093/1365/2021 1217/1480/2022
f 856/1119/1408 1092/1335/2023 1349/1481/136 1331/1482/136 1339/1483/136 46/1484/136
f 856/1119/1408 854/1097/1389 1216/1479/2019 1217/1480/2022
f 1217/1480/2022 1216/1479/2019 1219/1485/2019 1186/1470/1994
f 1216/1479/2019 1214/1409/1917 1220/1486/2024 1190/1475/2024 1219/1485/2019
f 1215/1410/136 1214/1409/1917 854/1097/1389 1228/1099/136 1393/1487/136 1394/1488/136
f 1217/1480/2022 1093/1365/2021 1092/1335/2023 856/1119/1408
f 1219/1485/2019 1190/1475/2024 1194/1477/1992 1186/1470/1994
f 1190/1475/2004 1220/1486/2025 1201/1478/2001
f 1220/1486/2024 1214/1409/1917 1218/1408/1917
f 1201/1478/2001 1220/1486/2025 1205/1452/2009
f 1205/1452/2009 1220/1486/2025 1147/1407/2026
f 1147/1407/1916 1220/1486/2024 1218/1408/1917
f 1229/1098/2027 1230/1489/2027 1228/1099/2027
f 1221/187/136 1225/533/136 1224/532/136 1223/531/136 1222/530/136 1226/1490/136 1150/1401/136 807/1400/136 1241/1491/2028 1244/1492/136 1242/1493/2029 1248/1494/136 1246/527/136
f 1150/1401/136 1226/1490/136 1222/530/136 1149/1402/136
f 1149/1402/136 1222/530/136 193/529/136 1278/1403/136
f 1228/1099/2030 1230/1489/2031 1393/1487/2032
f 1227/1495/2033 1234/1496/2033 1384/1497/2033 1389/1498/2033
f 1236/1499/2034 1384/1497/2034 1363/1500/2034
f 1238/1501/2035 1387/1502/2036 1374/1503/2037 1380/1504/2035
f 1233/1505/136 1382/1506/136 1237/1507/136 1234/1496/136 1232/1508/136
f 1239/1509/2038 1240/1510/2038 1328/1511/2038
f 854/1097/1389 1332/1120/136 1330/1038/136 1369/1512/136 1360/1513/2039
f 1242/1493/2029 1244/1492/136 1241/1491/2028
f 1243/1206/1569 1249/1514/2040 1245/1515/2041 1251/1516/2042 1250/1207/1570
f 1227/1495/2043 1371/1517/2043 1372/1518/2043
f 1246/527/136 282/526/494 40/180/136 1221/187/136
f 1247/528/2044 1246/527/2045 1249/1514/2046 1243/1206/2044
f 1249/1514/2046 1246/527/2045 1248/1494/2047
f 1248/1494/2047 1242/1493/2048 1245/1515/2049
f 1245/1515/2049 1249/1514/2046 1248/1494/2047
f 1250/1207/1570 1251/1516/2042 859/1122/1410 860/1121/1409 810/1040/1326
f 859/1122/1410 1251/1516/2042 1406/1519/2050 1413/1520/2051 1412/1521/2052 1425/1522/2052 1405/1123/1411
f 1251/1516/2042 1245/1515/2041 1242/1493/2029 1241/1491/2028 1371/1517/2053 1378/1523/2054 1377/1524/2054 1376/1525/2054 1375/1526/2055 1374/1503/2056 1409/1527/2057 1406/1519/2050
f 951/98/73 1250/1207/1570 810/1040/1326 819/1047/1328 910/1172/2058 952/1171/1583 956/1221/1582 955/1224/2058 954/99/74
f 26/582/136 1259/1528/136 1260/1529/136 1257/1216/136
f 1255/181/136 1253/535/136 1254/1530/136
f 1254/1530/136 1271/1531/136 1264/1532/136 25/599/136 1174/1431/136 1165/1436/136 39/1439/1943
f 39/1439/1943 1255/181/136 1254/1530/136
f 305/78/565 1256/600/564 26/582/564
f 1257/1216/136 1260/1529/136 1268/1533/136 1261/1534/136 1272/1535/136
f 1258/583/136 1257/1216/136 1272/1535/136 951/98/73 950/101/76 1585/1215/1577 1586/584/136
f 1256/600/136 1259/1528/136 26/582/136
f 1252/534/496 1263/1536/136 1254/1530/136 1253/535/136
f 1254/1530/136 1263/1536/136 1270/1537/136 1271/1531/136
f 25/599/136 1264/1532/136 1267/1538/136 1265/1539/136 1259/1528/136 1256/600/136
f 1264/1532/136 1262/1540/136 1267/1538/136
f 1265/1539/136 1269/1541/136 1266/1542/136 1259/1528/136
f 1259/1528/136 1266/1542/136 1268/1533/136 1260/1529/136
f 1267/1538/136 1269/1541/136 1265/1539/136
f 1269/1541/136 1267/1538/136 1262/1540/136 1261/1534/136
f 1266/1542/136 1269/1541/136 1261/1534/136
f 1268/1533/136 1266/1542/136 1261/1534/136
f 1270/1537/136 1261/1543/136 1262/1540/136
f 1271/1531/136 1270/1537/136 1262/1540/136 1264/1532/136
f 1272/1535/136 1261/1543/136 1270/1537/136 1263/1536/136 1252/534/496 951/98/73
f 1274/344/136 1273/343/136 194/1544/136
f 1273/343/136 1275/342/136 193/529/136
f 195/1545/2059 1277/1546/2060 1308/1547/2060 1305/1548/2061
f 1278/1403/136 193/529/136 1275/342/136
f 1275/342/136 1177/341/136 1148/1404/136 1278/1403/136
f 196/1549/2062 1279/1550/2063 1310/1551/2064
f 1281/193/136 1297/1552/136 1280/1553/136 1298/1554/136 1300/376/136
f 1279/1555/2065 1297/1552/2066 1291/192/2066 1296/1556/2067
f 1283/379/2068 1284/1557/2069 1288/318/2070
f 1284/1557/2071 1286/1558/2072 1303/1559/2073
f 1282/380/351 1283/379/136 113/317/322
f 1287/1560/2074 1303/1559/2073 196/1549/2062
f 196/1549/2062 1310/1551/2064 1311/1561/2075 1287/1560/2074
f 1286/1558/2076 1298/1554/2077 1285/1562/2078
f 1290/319/136 1289/1427/136 113/317/136
f 1288/318/2070 113/317/2079 1283/379/2068
f 1290/319/285 1288/318/284 1284/1557/2080 1287/1560/2080
f 1292/1563/2081 1296/1556/2067 1312/316/2082 94/315/2082
f 1291/192/2083 1295/191/2084 1277/1546/2084 195/1545/2085
f 1279/1550/2065 1296/1556/2067 1292/1563/2081
f 1277/1546/2086 1295/191/2087 1276/1564/2088
f 1276/1564/2088 1295/191/2087 1294/190/2089
f 1294/190/2090 1293/189/2090 1274/344/2090 1276/1564/2090
f 1299/1565/2091 1296/1556/2092 1291/192/2083 195/1545/2085
f 1285/1562/2093 1298/1554/2094 1280/1553/2095
f 1280/1553/2096 1297/1552/2096 1279/1555/2096 196/1549/2096
f 196/1549/2097 1285/1562/2093 1280/1553/2095
f 1300/376/136 1298/1554/136 1301/377/136
f 1301/377/2098 1298/1554/2077 1286/1558/2076
f 1286/1558/2076 1284/1557/2069 1302/378/2099
f 1302/378/2099 1301/377/2098 1286/1558/2076
f 1302/378/2099 1284/1557/2069 1283/379/2068
f 1303/1559/2073 1286/1558/2072 1285/1562/2100 196/1549/2062
f 1287/1560/136 1315/182/136 74/1428/1937 1289/1427/136 1290/319/136
f 1303/1559/2073 1287/1560/2074 1284/1557/2071
f 1304/184/136 1306/1566/136 1309/185/136
f 1305/1548/136 1308/1547/136 1307/1567/136 194/1544/136
f 1309/185/136 1306/1566/136 1305/1548/136 194/1544/136
f 194/1544/136 1273/343/136 193/529/136 197/186/136 1309/185/136
f 1308/1547/2101 1277/1546/2102 1307/1567/2103
f 1307/1567/2103 1276/1564/2104 1274/344/2105 194/1544/2105
f 1276/1564/2104 1307/1567/2103 1277/1546/2102
f 1310/1551/2064 1279/1550/2063 1292/1563/2106 1316/1568/2107
f 1311/1561/2075 1310/1551/2064 1313/1569/2108
f 1291/192/136 1297/1552/136 1281/193/136
f 1312/316/2109 1296/1556/2092 1299/1565/2091
f 1304/184/282 1312/316/281 1299/1565/2110 1306/1566/2111
f 1306/1566/2111 1299/1565/2110 195/1545/2059 1305/1548/2061
f 1304/184/282 1314/183/2112 94/315/280
f 1313/1569/2108 1316/1568/2107 94/315/2113
f 1314/183/137 1315/182/136 1287/1560/136 1311/1561/136 1313/1569/2108
f 74/1428/1937 1315/182/136 1255/181/136 39/1439/1943
f 1316/1568/2107 1292/1563/2106 94/315/2113
f 1316/1568/2107 1313/1569/2108 1310/1551/2064
f 94/315/2113 1314/183/137 1313/1569/2108
f 1320/1570/2114 1322/1571/2115 1340/1572/2116 1318/209/2117
f 1318/209/2118 46/208/2118 1320/1570/2118
f 1319/211/155 1327/210/154 1341/1573/2119
f 1321/1574/2120 1326/1575/2121 1333/1576/2122
f 1321/1577/2123 1240/1510/136 1239/1509/2124
f 1319/1578/155 1328/1511/2125 46/1484/152
f 1330/1038/2126 1332/1120/2126 1240/1510/2126
f 1331/1579/2127 1334/1580/2128 1322/1571/2128 1320/1570/2129
f 1332/1120/2130 856/1119/2130 1240/1510/2130
f 1333/1576/2131 1338/1581/2132 1337/1582/2133 1336/1583/2134 1335/1584/2135 1329/1585/2136 69/63/2137 804/1032/2138 834/1084/2138 806/1034/1323 805/1033/1322
f 1333/1039/2122 1330/1038/2139 1240/1510/2139 1321/1577/2120
f 46/1484/136 1328/1511/2140 856/1119/1408
f 856/1119/1408 1328/1511/2140 1240/1510/2141
f 46/1484/2142 1339/1483/2142 1320/1586/2142
f 1322/1571/2143 1334/1580/2143 1329/1585/2143 1317/1587/2143
f 1336/1583/2134 1324/1588/2144 1335/1584/2135
f 1335/1584/2145 1323/1589/2145 1317/1587/2145 1329/1585/2145
f 1323/1589/2146 1335/1584/2147 1348/1590/2148
f 1333/1576/2131 1326/1575/2149 1338/1581/2132
f 1338/1581/2150 1326/1575/2150 1325/1591/2150
f 1325/1591/2151 1324/1588/2151 1336/1583/2134 1337/1582/2133
f 1337/1582/2152 1338/1581/2152 1325/1591/2152
f 1320/1586/2129 1339/1483/2153 1331/1482/2127
f 1340/1572/2154 1317/1587/2154 1323/1589/2154
f 1323/1589/2146 1348/1590/2148 1343/1592/2155 1341/1573/2156
f 1325/1591/2157 1326/1575/2158 1342/1593/2159
f 1340/1572/2116 1322/1571/2115 1317/1587/2160
f 1328/1511/2161 1319/1578/2161 1239/1509/2161
f 1341/1573/2162 1343/1592/2162 1346/1594/2162
f 1319/211/2163 1346/1594/2164 1347/1595/2165
f 1342/1593/2166 1343/1592/2155 1324/1588/2167 1325/1591/2168
f 1342/1593/2159 1345/1596/2169 1347/1595/2170
f 1319/211/2163 1344/1597/2171 1239/1598/2172
f 1341/1573/2173 1327/210/2173 1318/209/2117 1340/1572/2116 1323/1589/2173
f 1344/1597/2174 1345/1596/2169 1326/1575/2158
f 1239/1598/2124 1344/1597/2175 1326/1575/2175 1321/1574/2123
f 1347/1595/2176 1346/1594/2176 1343/1592/2155 1342/1593/2166
f 1326/1575/2158 1345/1596/2169 1342/1593/2159
f 1347/1595/2165 1345/1596/2177 1344/1597/2171 1319/211/2163
f 1346/1594/2164 1319/211/2163 1341/1573/2178
f 1348/1590/2148 1335/1584/2147 1324/1588/2167
f 1343/1592/2155 1348/1590/2148 1324/1588/2167
f 1349/1303/1745 1350/1302/1744 1353/1599/2179
f 1334/1580/2180 1331/1579/2180 1349/1303/2180
f 1353/1599/2179 1350/1302/1744 1352/1600/2181 1334/1580/2182 1349/1303/1745
f 1351/1301/2183 1352/1600/2183 1350/1302/2183
f 1329/1585/2136 1355/1601/2184 69/63/2137
f 1334/1580/2182 1352/1600/2181 1355/1601/2184 1329/1585/2136
f 69/63/2137 1356/1602/2185 1354/1332/2186
f 1354/1332/2186 1356/1602/2185 1351/1301/1743 1074/1300/1742
f 1352/1600/2187 1356/1602/2185 1355/1601/2184
f 1356/1602/2185 69/63/2137 1355/1601/2184
f 1351/1301/2188 1356/1602/2188 1352/1600/2188
f 1357/1023/2189 787/996/2189 782/995/2189
f 782/995/2190 785/1006/2190 1357/1023/2190
f 785/1006/2191 784/1021/2191 1357/1023/2191
f 1349/1481/136 1092/1335/2023 1085/1345/136 23/1603/136
f 1361/1604/2192 1358/1605/2193 1229/1098/136
f 1359/1606/2194 1385/1607/2195 1414/1608/2196
f 1360/1513/2039 1361/1604/2192 854/1097/1389
f 1360/1513/2039 1369/1512/136 1330/1038/136 858/1037/1325
f 1370/1609/2197 1374/1503/2198 1235/1610/2199
f 1375/1526/2200 1376/1525/2201 1236/1499/2202
f 1373/1413/136 1379/1611/136 1372/1518/136 807/1400/136
f 1372/1518/136 1371/1517/2053 1241/1491/2028 807/1400/136
f 1359/1606/2203 1392/1612/2204 1370/1609/2197 1235/1610/2199
f 1375/1526/2055 1380/1504/136 1374/1503/2056
f 1364/1613/2205 1237/1507/2205 1365/1614/2205
f 1365/1614/2206 1382/1506/2207 1366/1615/2208
f 1366/1615/2209 1233/1505/2209 1367/1616/2209
f 1367/1616/2210 1233/1505/2210 1231/1617/2210
f 1231/1617/2211 1381/1618/2212 1383/1619/2213
f 1383/1619/2213 1381/1618/2212 1368/1620/2214
f 1368/1620/2215 1230/1489/2215 1229/1098/2215 1358/1605/2215
f 1230/1489/2216 1368/1620/2216 1381/1618/2216
f 1383/1619/2213 1367/1616/2217 1231/1617/2211
f 1233/1505/2218 1366/1615/2208 1382/1506/2207
f 1382/1506/2207 1365/1614/2206 1237/1507/2219
f 1237/1507/2220 1364/1613/2220 1234/1496/2220
f 1363/1500/2221 1384/1497/136 1364/1613/2222
f 1364/1613/2223 1384/1497/2223 1234/1496/2223
f 1363/1500/2224 1362/1621/2224 1238/1501/2224 1388/1622/2224 1236/1499/2224
f 1238/1501/2225 1362/1621/2226 1386/1623/2227
f 1386/1623/2227 1385/1607/2228 1387/1502/2229
f 1387/1502/2229 1238/1501/2225 1386/1623/2227
f 1387/1502/2229 1385/1607/2228 1235/1610/2230
f 1235/1610/2231 1385/1607/2195 1359/1606/2194
f 1374/1503/2037 1387/1502/2036 1235/1610/2232
f 1380/1504/2233 1375/1526/2234 1388/1622/2235
f 1388/1622/2236 1375/1526/2200 1236/1499/2202
f 1388/1622/2235 1238/1501/2237 1380/1504/2233
f 1236/1499/2238 1376/1525/2238 1377/1524/2238 1389/1498/2238
f 1227/1495/2239 1377/1524/2239 1378/1523/2239 1371/1517/2239
f 1389/1498/2240 1377/1524/2240 1227/1495/2240
f 1389/1498/2241 1384/1497/2241 1236/1499/2241
f 1215/1410/2242 1231/1617/2243 1390/1411/2244
f 1390/1411/2245 1231/1617/2245 1233/1505/2245
f 1233/1505/2246 1232/1508/2247 1391/1412/2248
f 1391/1412/2248 1232/1508/2247 1373/1413/2249
f 1373/1413/2250 1232/1508/2251 1234/1496/2252
f 1234/1496/2253 1227/1495/2253 1372/1518/2253 1379/1611/2253
f 1379/1611/2254 1373/1413/2250 1234/1496/2252
f 1391/1412/2248 1390/1411/2255 1233/1505/2246
f 1393/1487/2032 1230/1489/2031 1381/1624/2256
f 1381/1624/2257 1231/1617/2243 1215/1410/2242 1394/1488/2258
f 1394/1488/2258 1393/1487/2259 1381/1624/2257
f 1229/1098/136 854/1097/1389 1361/1604/2192
f 1395/1625/2260 1429/1626/2260 1426/1627/2260 1398/1628/2260
f 1398/1628/2261 1396/1629/2262 853/1100/2263
f 1400/1130/2264 1401/1129/2264 1408/1340/2264 1407/1339/2264
f 1400/1130/1418 1399/1630/2265 848/1111/1416
f 1399/1630/2266 1420/1631/2267 1418/1632/2268
f 1406/1519/2050 1409/1527/2057 1374/1503/2056 1370/1609/2197
f 1407/1339/2269 1408/1340/1807 1079/1338/1803 1083/1337/1802
f 1407/1339/2270 1404/1126/2271 1399/1630/2272 1400/1130/2270
f 1404/1126/2271 1410/1125/2273 1403/1633/2273 1420/1631/2273 1399/1630/2272
f 1405/1123/2274 1425/1522/2275 1429/1626/2276 1395/1625/2277
f 853/1100/1390 1415/1634/2278 1414/1608/2196 1385/1607/2195 1386/1623/2279 1362/1621/2279 1363/1500/2221 1364/1613/2222 1365/1614/2280 1436/1635/2281 1433/1101/1391
f 848/1111/1398 1418/1632/2282 1417/1636/2282 1421/1637/2282 1416/1105/1395 809/1104/1394
f 1403/1633/2283 1410/1125/2284 1419/1638/2285
f 1419/1638/2285 1410/1125/2284 1411/1124/2286
f 1411/1124/2287 1405/1123/2274 1395/1625/2277
f 1395/1625/2277 1402/1639/2288 1411/1124/2287
f 1402/1639/2289 1419/1638/2285 1411/1124/2286
f 1397/1640/2290 1412/1521/2291 1413/1520/2051 1392/1612/2204 1423/1641/2292
f 1392/1612/2204 1413/1520/2051 1406/1519/2050 1370/1609/2197
f 1418/1632/2268 848/1111/2293 1399/1630/2266
f 1418/1632/2268 1420/1631/2267 1417/1636/2294
f 1417/1636/2294 1403/1633/2295 1419/1638/2296 1421/1637/2297
f 1403/1633/2295 1417/1636/2294 1420/1631/2267
f 1421/1637/2297 1419/1638/2296 1402/1639/2298 1416/1105/2298
f 1416/1105/2299 1402/1639/2299 1395/1625/2299 853/1100/2299
f 853/1100/2263 1395/1625/2300 1398/1628/2261
f 1414/1608/2196 1415/1634/2278 1422/1642/2301
f 1422/1642/2301 1415/1634/2278 1396/1629/2262
f 1396/1629/2262 1415/1634/2278 853/1100/2263
f 1422/1642/2301 1359/1606/2194 1414/1608/2196
f 1398/1628/2261 1426/1627/2302 1424/1643/2303 1396/1629/2262
f 1396/1629/2262 1428/1644/2304 1427/1645/2305 1422/1642/2301
f 1422/1642/2301 1427/1645/2305 1359/1606/2306
f 1423/1641/2307 1428/1644/2308 1424/1643/2309 1397/1640/2310
f 1429/1626/2276 1425/1522/2275 1412/1521/2291 1397/1640/2290
f 1359/1606/2311 1427/1645/2311 1423/1641/2292 1392/1612/2204
f 1424/1643/2303 1428/1644/2304 1396/1629/2262
f 1424/1643/2309 1426/1627/2312 1397/1640/2310
f 1426/1627/2313 1429/1626/2313 1397/1640/2313
f 1427/1645/2314 1428/1644/2308 1423/1641/2307
f 1430/1646/2315 1383/1619/2316 1368/1620/2317 1358/1605/2193
f 808/1095/1388 1431/1102/1392 1432/1113/1400
f 1433/1101/1391 1436/1635/2281 1430/1646/2315
f 1431/1102/1392 1433/1101/1391 1430/1646/2315
f 1434/1114/1401 1432/1113/1400 1435/1647/2318 1361/1604/2192 1360/1513/2039 858/1037/1325
f 1432/1113/1400 1431/1102/1392 1430/1646/2315 1435/1647/2318
f 1435/1647/2318 1430/1646/2315 1358/1605/2193 1361/1604/2192
f 1430/1646/2315 1436/1635/2281 1367/1616/2319 1383/1619/2316
f 1367/1616/2319 1436/1635/2281 1365/1614/2280 1366/1615/2320
f 1438/126/94 1439/125/93 87/132/2321 1455/135/2322
f 1438/126/2323 1456/134/2323 1457/1648/2324 86/1649/2325 71/123/2323
f 1442/161/123 1451/160/122 1450/173/2326 114/172/2326
f 1176/1443/1935 1441/1442/1946 1162/1432/1936 1166/1430/1935
f 1443/163/124 1440/1446/1950 1444/130/99
f 1442/164/124 1443/163/124 109/129/98
f 1441/1442/1946 1440/1446/1950 1172/1435/1939 1162/1432/1936
f 1163/131/100 1444/130/99 1440/1446/1950 1441/1442/1946
f 1444/130/99 109/129/98 1443/163/124
f 87/132/2321 1439/125/93 1437/158/2327 109/157/2328
f 1446/1650/2329 1445/124/92 72/87/2329
f 1447/88/2330 72/87/2330 1445/124/2330
f 1445/124/2331 71/123/2331 86/1649/2331 1448/544/2331 1447/88/2331
f 31/80/2332 301/570/2332 1553/591/2332 1552/542/2332
f 111/167/2333 1490/159/2333 1491/1651/2333
f 1446/1650/2333 72/87/2333 1489/1652/2333 1491/1651/2333
f 1439/125/93 1445/124/92 1446/1650/2329 1437/158/2327
f 1448/544/2334 77/567/2334 62/568/2334 78/569/2334 63/89/2334 1447/88/2334
f 77/567/2335 1448/544/2335 1554/543/2335
f 61/565/537 75/1653/2336 60/564/2336 76/563/535
f 1450/173/2337 1451/160/2338 116/176/132 1453/1654/2339
f 1449/66/49 1452/65/48 1494/1655/2340
f 1452/174/2341 1453/1654/2339 115/179/135
f 115/179/135 1453/1654/2339 116/176/132
f 1453/1654/2339 1452/174/2342 1450/173/2337
f 115/1656/2343 1483/1657/2344 1497/1658/2345 1495/1659/2346
f 1454/81/2347 1457/1648/2348 1175/133/2349 28/1660/2347
f 1454/81/62 1550/1661/2350 27/79/60
f 1455/135/2322 1456/134/2351 1438/126/94
f 1175/133/2349 1457/1648/2348 1456/134/2352
f 86/1649/2325 1457/1648/2324 1454/81/2353 31/80/2354
f 1448/544/2355 86/1649/2325 31/80/2354
f 294/545/2356 1464/555/2356 1459/553/2356
f 73/168/2357 1460/552/2357 1458/1662/2357
f 1458/1662/2358 70/551/2359 1468/1663/2360
f 15/1664/2361 1475/1665/2361 1474/1666/2361
f 1458/1662/2362 110/166/125 73/168/127
f 1458/1662/2358 1460/552/2363 70/551/2359
f 1459/553/2364 1460/552/2364 73/168/521 294/545/523
f 1459/553/2365 1461/1667/2365 1466/1668/2365 70/551/2365
f 1462/556/2366 1463/549/520 84/548/519 59/557/2366
f 1463/549/520 1464/555/527 294/545/516
f 1459/553/2367 1464/555/2367 56/554/2367 1461/1667/2367
f 1466/69/2368 1465/68/2368 70/1669/2368
f 1465/68/2369 1467/127/2370 1468/1670/2371 70/1669/2369
f 212/117/86 1469/116/85 55/67/95
f 1468/1663/2360 15/1664/2372 1474/1666/2372 1458/1662/2358
f 1467/127/2370 1469/116/2373 13/76/2373 1478/1671/2373 15/1672/2374
f 1468/1670/2371 1467/127/2370 15/1672/2374
f 1494/1655/2340 1452/65/48 1495/1659/2375
f 218/1673/2376 1470/324/2377 15/366/2378
f 110/1674/2379 1488/323/2379 1487/1675/2379
f 15/366/2378 1470/324/2377 1475/1676/2380
f 1471/325/2381 1470/324/2377 218/1673/2376
f 1473/370/2382 1471/325/2381 218/1673/2376
f 1471/325/2383 1472/369/2383 199/322/2383
f 1471/325/2384 1473/370/2384 1472/369/2384
f 1475/1676/2385 1470/324/292 110/1674/2386
f 1474/1666/2387 1475/1665/2387 110/166/125 1458/1662/2362
f 13/76/57 217/75/56 1476/374/2388
f 1476/374/2388 217/75/56 14/372/339
f 1476/374/349 1473/373/348 1477/368/345 13/76/2389
f 1477/368/345 1473/373/348 218/365/343
f 1477/368/345 1478/367/344 13/76/2389
f 1479/1677/2390 1480/1678/2391 1481/1679/2392 1483/1657/2393
f 1481/1679/2392 1480/1678/2391 199/322/2394
f 1482/1680/2395 1481/1679/2396 199/322/2396 1472/369/2396 43/330/2397
f 1483/1657/2398 115/1656/135 1485/1681/134
f 210/321/321 1484/347/321 1482/1680/2395 43/330/2397
f 1484/347/2399 1497/1658/2345 1483/1657/2344 1481/1679/2400 1482/1680/2400
f 1485/1681/134 1479/1677/2390 1483/1657/2393
f 1485/178/134 1486/177/133 111/167/2401 1479/1682/2390
f 1479/1682/2390 111/167/2401 1487/1683/2402
f 1487/1683/2403 111/167/2403 110/166/2403
f 1487/1675/2404 1480/1678/2391 1479/1677/2390
f 1487/1675/2404 1488/323/2405 199/322/2405 1480/1678/2391
f 1470/324/292 1488/323/291 110/1674/2386
f 111/167/2406 1489/1652/2406 1492/1684/2406 73/168/2406
f 73/168/2406 1492/1684/2406 1493/550/2406
f 1451/160/122 1490/159/121 111/167/2407 1486/177/133 116/176/132
f 1491/1651/2333 1490/159/2333 1437/158/2333 1446/1650/2333
f 1491/1651/2333 1489/1652/2333 111/167/2333
f 1493/550/2406 1492/1684/2406 1489/1652/2406 72/87/2406
f 1452/65/2408 115/1656/2343 1495/1659/2346
f 1494/1655/2340 1496/1685/2409 1484/347/2410 1449/66/49
f 1495/1659/2375 1496/1685/2409 1494/1655/2340
f 1496/1685/2411 1495/1659/2346 1497/1658/2345 1484/347/2399
f 313/627/611 1539/631/2412 327/625/608
f 1500/1686/2413 1499/1687/2414 1520/1688/2415
f 1499/1687/2414 1501/1689/2416 1504/1690/2417
f 1502/1691/36 1503/1692/36 1498/1693/36
f 1505/1694/2418 1506/1695/2419 1517/1696/2420 1518/1697/2420
f 1504/1690/2421 1501/1689/2421 1513/1698/2421 1508/1699/2421
f 1508/1699/36 1513/1698/36 1512/1700/36 1510/1701/36 7/1702/36
f 1509/1232/2422 1514/1231/2422 1500/1686/2422
f 1507/48/2423 1515/916/2424 1501/1689/2416 1499/1687/2414
f 1509/1232/36 1518/1697/36 1517/1696/36 1508/1699/36 7/1703/36 957/1226/36
f 1500/1686/2413 1519/1230/2425 1507/48/2423 1499/1687/2414
f 1519/1230/2425 1500/1686/2413 1514/1231/2426
f 1501/1689/2416 1515/916/2424 1516/1704/2427 1503/1692/2428
f 1512/1700/2429 1503/1692/2429 1502/1691/2430 1510/1701/2431
f 1503/1692/2428 1516/1704/2427 1511/1705/2432 1498/1693/2432
f 1513/1698/2433 1501/1689/2433 1503/1692/2433 1512/1700/2433
f 1518/1697/2434 1509/1232/2434 1500/1686/2435 1505/1694/2436
f 1517/1696/2437 1506/1695/2437 1504/1690/2437 1508/1699/2437
f 1520/1688/2438 1521/1706/2439 1506/1695/2419
f 1506/1695/2419 1521/1706/2439 1504/1690/2440
f 1506/1695/2419 1505/1694/2418 1520/1688/2438
f 1505/1694/2436 1500/1686/2435 1520/1688/2441
f 1521/1706/2442 1520/1688/2415 1499/1687/2414
f 1504/1690/2417 1521/1706/2442 1499/1687/2414
f 317/573/546 1528/1707/2443 1529/629/613
f 1498/1693/2444 1524/1708/2444 1525/1709/2444 1502/1691/2444
f 1502/1691/2430 1525/1709/2445 1530/1710/2445 1587/56/2445 1510/1701/2431
f 1529/629/2446 1528/1707/2447 1523/1711/2448
f 1527/1712/607 313/630/611 1529/629/613
f 1510/1701/2449 1587/56/40 1588/55/39 7/1713/2449
f 1528/1707/2447 1532/1714/2450 1523/1711/2448
f 1511/1705/2451 1533/1715/2451 1534/1716/2452 1535/1717/2453 1524/1708/2451 1498/1693/2451
f 1530/1710/2454 1525/1709/2454 1531/1718/2454
f 1531/1718/2455 1535/1717/2456 1522/1719/2456 1526/1720/2457
f 1524/1708/2458 1531/1718/2458 1525/1709/2458
f 1535/1717/2459 1531/1718/2459 1524/1708/2459
f 1535/1717/2453 1534/1716/2452 1527/1712/2460 1522/1719/2460
f 1523/1711/2461 1532/1714/2461 1526/1721/2461 1522/1719/2461
f 1523/1711/2462 1522/1719/2462 1527/1712/2462 1529/629/2462
f 1546/1722/2463 1549/1723/2464 1541/914/1118
f 1538/598/2465 1526/616/2465 1532/1714/2465 1528/1707/2443 317/573/546 316/595/592
f 1537/62/2466 1545/1724/2466 3/1725/2466 1547/1726/2466
f 1536/1727/2467 1545/1724/2468 329/61/2469
f 1536/1727/2467 329/628/2469 313/630/2470 1527/1712/2470 1534/1716/2470 1533/1715/2470 1511/1705/2470
f 3/1725/2471 1536/1727/2472 1548/1728/2473 1549/1723/2464 1546/1722/2463
f 1544/50/37 1546/1722/2463 1541/914/1118
f 3/1729/2474 1540/1730/2474 1543/1731/2474
f 1543/1731/2475 1540/1730/816 1609/990/2476 256/452/397 473/729/816 1602/728/817
f 3/1725/2477 1545/1724/2477 1536/1727/2477
f 329/61/2469 1545/1724/2468 1537/62/2468
f 3/1729/2471 1546/1722/2463 1540/1730/2478
f 1544/50/37 1541/914/1118 1507/48/35
f 1515/916/1120 1542/915/1119 1548/1728/2473 1516/1704/2479
f 1549/1723/2464 1548/1728/2473 1542/915/1119
f 1516/1704/2479 1548/1728/2473 1536/1727/2472 1511/1705/36
f 1541/914/1118 1549/1723/2464 1542/915/1119
f 1550/603/569 1551/601/566 305/78/565 27/59/2480
f 1550/1661/2481 1454/81/2481 28/1660/2481
f 1554/543/2482 1552/542/2482 75/1653/2482
f 1554/543/2483 75/1653/2483 61/565/2483 77/567/2483
f 1552/542/2484 1553/591/2484 37/561/2484 60/564/2484 75/1653/2484
f 88/86/67 1559/85/66 1561/1732/2485 1560/1733/2486
f 1560/1733/2486 1561/1732/2485 1556/1734/2487
f 1556/1735/2487 1564/1736/2488 1575/1737/2489 1560/1733/2486
f 1581/443/2490 1560/1733/2486 1575/1737/2489 1573/1738/2491 1557/1739/2492 1597/1740/2493 1600/1741/2494
f 1556/1734/2487 1561/1732/2485 1565/1742/2495
f 1555/1743/2496 1559/85/66 1558/84/65 33/122/90
f 1555/1743/2496 1561/1732/2485 1559/85/66
f 1567/575/548 35/566/607 36/562/2497
f 314/574/547 1555/1744/2498 1566/1745/2499 1568/1746/2500 1567/575/548
f 1562/558/2501 1566/1745/2501 1555/1744/2501 33/559/2501
f 1555/1744/2498 314/574/547 1563/1747/2502 1565/1748/2503
f 1565/1748/2503 1563/1747/2502 1556/1749/2504
f 1565/1742/2495 1561/1732/2485 1555/1743/2496
f 325/622/606 1572/1750/2505 1580/1751/607 1578/623/607
f 1563/1747/2502 1579/1752/2506 1564/1753/2507 1556/1754/2504
f 1562/558/530 68/547/529 1570/1755/2508
f 35/566/607 1567/575/548 1568/1746/2500
f 35/566/607 1568/1746/2500 1569/1756/607 1570/1757/607 34/119/607
f 1562/558/607 1569/1756/607 1566/1745/2499
f 1569/1756/607 1568/1746/2500 1566/1745/2499
f 1570/1757/607 1569/1756/607 1562/558/607
f 1570/1755/2509 68/547/2509 83/546/2509 67/97/2509 82/96/2509 66/95/2509 34/119/2509
f 1572/1750/2510 1574/1758/2510 1564/1759/2510
f 1573/1738/2491 1564/1760/2511 1574/1761/2512 1557/1739/2492
f 1581/443/391 1576/1762/2513 1571/424/391
f 1577/576/549 1567/575/548 36/562/2497 315/590/2514
f 1577/576/549 315/590/2514 298/587/594
f 1575/1737/2489 1564/1736/2511 1573/1738/2491
f 1578/623/607 1580/1751/607 1563/1747/2502 314/574/547
f 1571/424/2515 88/86/67 1560/1733/2486 1581/443/2490
f 1580/1751/2516 1572/1750/2516 1564/1759/2507 1579/1752/2506
f 1563/1747/2502 1580/1751/607 1579/1752/607
f 1571/424/391 1576/1762/2513 233/422/376
f 1583/1214/2517 1582/32/2517 9/1763/2518 1585/1215/2519
f 1/15/389 1602/728/2520 1596/465/421
f 9/31/2521 1589/1764/2522 8/1765/2523 1584/1766/2523
f 1585/1215/2519 9/1763/2518 1584/585/2524 1586/584/2524
f 1582/1767/2525 1583/1214/2525 945/1208/1730 1028/1293/1729 1029/1292/2525 1032/1291/2525 958/1290/2525 959/1281/2525 960/1280/2525 1008/1289/2525 961/1277/2525 1005/1278/2525 957/1226/2525 7/29/2525
f 1589/1764/2522 9/31/2521 1592/1768/2526
f 1589/1769/2527 1590/1770/2528 1530/1710/2529 1531/1718/2455 1526/1720/2457 8/1771/2530
f 1591/57/41 1587/56/40 1590/1770/2528
f 1590/1770/2528 1587/56/40 1530/1710/2529
f 1590/1770/2528 1589/1769/2527 1591/57/41
f 1589/1769/2527 1592/1772/2531 1591/57/41
f 1592/1768/2526 9/31/2521 1588/30/2532
f 1591/57/41 1592/1772/2531 1588/55/39
f 1581/443/391 1594/442/390 1576/1762/2513
f 1594/442/390 1593/444/392 235/460/420 234/440/387 233/422/376 1576/1762/2513
f 1596/465/421 1595/727/102 250/464/102 247/463/418
f 250/464/102 1595/727/102 246/421/375
f 1596/465/421 1593/444/392 1/15/389
f 1/15/2533 1600/1741/2494 1601/16/2534
f 1599/10/9 1597/9/8 1557/1773/2535 1574/1758/2535 1572/1750/2505 325/622/606
f 1598/617/598 1599/10/597 325/622/616 328/626/610
f 1600/1741/2494 1/15/2533 1581/443/2490
f 1601/16/2534 1600/1741/2494 1597/1740/2493 2/1774/2536
f 1537/17/2537 1601/16/2537 2/1774/2537
f 1598/617/598 329/628/612 2/8/596
f 1602/728/817 1/15/14 3/1775/16 1543/1731/2475
f 1596/465/2538 1602/728/2538 1595/727/2538
f 1605/847/2539 1604/1776/2539 1617/1777/2539 1618/447/2539 1611/446/2539 6/1778/2539 1603/862/2539
f 256/452/397 702/989/2540 1606/445/393
f 1603/862/36 6/1778/2541 685/930/36 684/932/36 726/935/36 683/917/36 722/971/36 717/908/36 620/852/36
f 256/452/397 1609/990/2476 702/989/2540
f 1608/986/1251 1607/985/1250 702/989/1252
f 685/930/36 6/1778/2541 686/947/2542 703/928/36 727/961/36
f 686/947/2542 6/1778/2541 1610/1779/2543 1612/1780/2544
f 1607/985/1250 688/958/36 713/966/36 687/968/36 715/948/36 686/947/2542 1612/1780/2544
f 1608/986/1251 1609/990/1253 1540/1730/2478 1546/1722/2463 1544/50/37 757/49/36
f 1612/1780/2544 1610/1779/2543 702/989/1252 1607/985/1250
f 6/1778/2545 1611/446/2546 1610/1779/2547
f 1610/1779/2547 1611/446/2546 1606/445/2548 702/989/2548
f 1613/11/10 1615/14/13 583/835/991 589/834/990 597/837/1002 586/838/1000 599/816/972 262/806/971 541/805/102
f 541/805/102 540/804/102 1614/1781/102
f 1614/1781/102 1613/11/10 541/805/102
f 1614/1781/2549 1617/1777/2550 1604/1776/2551 613/850/1015 619/849/1014 618/12/1013 1613/11/2551
f 1615/14/13 1616/395/102 582/825/981 591/833/102 595/836/992 583/835/991
f 5/13/2552 618/12/1013 612/848/1012
f 1619/1782/2553 1618/447/395 1614/1781/2549 540/804/2554 535/811/2554
f 1619/1782/102 535/811/958 534/769/896 260/448/102
f 535/811/959 540/804/102 539/775/102 572/774/102 538/813/966 576/815/970 537/812/960 536/808/955
f 260/448/396 1618/447/395 1619/1782/2553
f 1614/1781/2549 1618/447/395 1617/1777/2550
f 1621/136/102 293/541/511 92/348/327
f 1620/137/2555 1462/1783/2556 59/121/2557 85/120/2557 58/83/2557 32/82/2557
f 1620/137/102 1621/136/102 92/348/327 93/349/102 89/118/102
f 89/118/2558 56/71/2558 1462/1783/2556 1620/137/2555
